PhysicalX(mm),PhysicalY(mm),P0,P1,P2,P3,P4,P5,P6,P7,P8,P9,P10,P11,P12,P13,P14,P15,P16,P17,P18,P19,P20,P21,P22,P23,P24,P25,P26,P27,P28,P29,P30,P31,P32,P33,P34,P35,P36,P37,P38,P39,P40,P41,P42,P43,P44,P45,P46,P47,P48,P49,P50,P51,P52,P53,P54,P55,P56,P57,P58,P59,P60,P61,P62,P63,P64,P65,P66,P67,P68,P69,P70,P71,P72,P73,P74,P75,P76,P77,P78,P79,P80,P81,P82,P83,P84,P85,P86,P87,P88,P89,P90,P91,P92,P93,P94,P95,P96,P97,P98,P99,P100
125.116,85.601,-99.005,-99.687,-101.183,-102.183,-101.954,-102.367,-100.028,-101.747,-99.900,-102.956,-99.353,-100.099,-100.879,-101.370,-98.123,-100.557,-100.514,-101.746,-99.837,-100.181,-100.925,-101.339,-99.556,-99.821,-99.565,-98.355,-101.407,-101.611,-100.108,-99.927,-97.686,-100.857,-101.019,-101.484,-102.484,-100.276,-100.700,-102.854,-102.058,-98.354,-97.963,-101.027,-101.455,-100.633,-102.328,-98.750,-101.602,-100.143,-98.588,-102.149,-99.179,-99.583,-97.292,-96.020,-95.280,-101.873,-98.777,-100.644,-99.588,-96.953,-102.160,-100.226,-101.813,-98.657,-101.134,-101.630,-99.940,-97.145,-102.000,-102.821,-97.486,-99.852,-98.267,-100.166,-100.990,-101.061,-102.431,-102.711,-99.219,-99.225,-100.124,-101.614,-101.329,-101.224,-98.697,-100.895,-100.643,-99.198,-102.106,-99.121,-98.615,-102.427,-100.078,-102.307,-100.462,-100.981,-98.752,-99.600,-99.781,-101.799,-89.569
135.070,85.601,-100.988,-99.574,-101.812,-101.235,-101.516,-102.381,-102.390,-100.280,-97.982,-101.402,-102.213,-99.308,-101.033,-101.213,-101.003,-100.461,-100.679,-102.447,-100.052,-98.934,-101.163,-103.196,-99.548,-99.015,-99.645,-102.724,-99.093,-101.665,-99.492,-99.681,-100.378,-100.761,-102.761,-99.669,-101.066,-98.294,-100.933,-101.344,-101.182,-99.929,-97.424,-100.080,-100.647,-101.896,-102.277,-101.000,-99.744,-101.031,-99.334,-100.318,-96.796,-100.681,-99.476,-95.099,-95.882,-100.563,-97.591,-97.553,-98.446,-102.171,-101.651,-101.692,-102.398,-101.251,-99.992,-101.692,-100.190,-100.772,-97.763,-101.161,-98.030,-101.499,-97.283,-99.631,-98.599,-100.617,-103.064,-100.372,-100.683,-99.071,-102.495,-100.374,-101.611,-97.729,-99.306,-99.268,-100.275,-97.369,-103.721,-100.215,-101.815,-99.824,-97.322,-101.481,-99.740,-101.276,-102.354,-101.141,-101.420,-104.275,-88.635
145.024,85.601,-102.148,-100.161,-103.307,-101.850,-100.557,-103.377,-98.453,-102.216,-98.303,-101.047,-102.601,-100.308,-101.617,-101.498,-101.255,-100.551,-102.131,-101.860,-100.837,-99.974,-101.090,-102.680,-101.641,-103.483,-101.677,-102.312,-100.787,-102.961,-99.794,-102.753,-100.631,-97.507,-102.399,-101.100,-100.827,-98.956,-102.484,-101.907,-101.087,-99.723,-101.018,-102.067,-101.911,-103.469,-100.438,-100.105,-100.865,-100.448,-100.034,-101.144,-96.896,-99.965,-100.146,-95.921,-97.929,-101.821,-97.168,-99.709,-101.368,-97.778,-103.029,-99.606,-98.443,-99.094,-98.143,-101.052,-99.706,-100.366,-98.620,-101.604,-98.654,-102.399,-96.993,-98.918,-99.911,-99.566,-100.095,-100.605,-103.043,-98.602,-100.948,-102.969,-101.858,-101.313,-101.897,-101.905,-100.851,-101.617,-101.707,-100.333,-101.541,-100.151,-100.900,-101.377,-100.932,-98.359,-100.883,-101.851,-103.269,-102.389,-88.281
154.979,85.601,-97.962,-99.851,-97.980,-100.377,-100.475,-101.054,-99.691,-102.239,-98.578,-102.248,-102.655,-100.052,-101.607,-101.710,-101.420,-100.779,-101.733,-102.075,-101.625,-100.200,-101.246,-102.279,-99.076,-100.998,-99.874,-100.379,-99.700,-100.688,-100.531,-99.214,-101.030,-101.934,-100.546,-101.454,-98.838,-99.134,-100.801,-100.138,-100.757,-96.925,-97.319,-98.578,-99.696,-101.559,-101.016,-98.981,-100.616,-100.284,-99.667,-101.405,-99.820,-101.656,-99.479,-96.680,-95.762,-100.272,-99.284,-99.208,-99.558,-98.865,-101.658,-102.366,-103.798,-96.024,-100.585,-101.842,-99.779,-98.036,-99.102,-102.685,-98.598,-102.207,-96.724,-100.202,-100.859,-97.946,-102.054,-102.403,-102.242,-97.406,-98.284,-101.523,-101.397,-102.629,-98.888,-100.366,-100.431,-100.240,-101.894,-98.421,-99.392,-101.754,-100.660,-102.563,-96.974,-100.893,-100.916,-98.384,-102.043,-102.842,-88.539
164.933,85.601,-101.301,-103.588,-101.792,-101.790,-102.257,-102.239,-99.777,-101.714,-99.146,-101.275,-101.029,-101.537,-101.998,-98.601,-101.630,-98.561,-102.437,-100.418,-101.328,-100.733,-101.988,-82.859,-99.215,-102.254,-102.290,-99.363,-103.027,-101.843,-98.363,-100.630,-98.743,-100.323,-100.744,-99.364,-102.097,-99.536,-102.890,-99.629,-101.699,-100.727,-99.624,-99.422,-98.751,-101.981,-96.467,-101.059,-101.373,-98.363,-99.709,-103.318,-96.783,-102.649,-99.630,-93.488,-93.515,-99.276,-99.725,-99.581,-99.041,-97.064,-102.626,-98.320,-102.589,-96.418,-98.946,-102.686,-101.324,-100.420,-98.132,-102.488,-101.137,-99.303,-96.783,-101.088,-100.161,-98.010,-102.818,-103.408,-100.161,-97.878,-100.153,-101.015,-100.240,-101.247,-101.799,-99.812,-101.279,-98.021,-100.706,-100.805,-95.942,-102.447,-100.373,-101.483,-97.737,-99.753,-102.707,-99.738,-100.968,-102.247,-87.528
174.887,85.601,-96.873,-99.371,-100.607,-103.087,-99.124,-103.565,-101.243,-102.515,-101.049,-100.956,-102.424,-100.810,-100.084,-99.425,-100.419,-101.451,-101.706,-101.078,-100.210,-96.743,-101.765,-84.778,-99.853,-84.495,-99.773,-99.010,-100.072,-102.074,-101.955,-100.199,-101.692,-99.289,-99.302,-101.348,-101.578,-101.244,-102.366,-99.371,-101.225,-99.149,-97.964,-96.828,-98.398,-102.099,-100.653,-99.061,-101.072,-103.561,-97.389,-103.761,-98.829,-100.234,-96.820,-94.099,-92.949,-99.942,-98.327,-97.209,-100.748,-99.119,-101.554,-99.906,-101.808,-99.750,-98.875,-100.838,-100.563,-101.078,-98.058,-98.647,-100.452,-102.003,-96.312,-99.869,-101.509,-98.161,-100.797,-100.946,-100.531,-99.955,-99.909,-99.809,-101.733,-101.089,-99.617,-98.628,-100.330,-102.764,-101.979,-101.270,-99.550,-100.005,-99.557,-102.668,-99.533,-99.287,-101.482,-97.804,-98.491,-102.379,-88.564
184.841,85.601,-102.299,-100.075,-102.076,-100.593,-101.384,-101.519,-99.714,-100.982,-99.308,-102.583,-101.535,-100.542,-101.508,-100.939,-99.463,-99.411,-101.861,-102.126,-101.647,-103.786,-100.925,-100.158,-100.890,-83.061,-100.805,-101.539,-100.736,-102.294,-99.865,-100.156,-101.909,-102.783,-102.887,-99.885,-101.865,-102.183,-98.384,-99.091,-100.869,-98.426,-98.643,-99.295,-98.023,-101.478,-100.053,-100.222,-99.811,-98.945,-96.894,-103.223,-97.662,-101.769,-98.336,-94.161,-93.478,-101.529,-100.703,-100.224,-100.901,-99.013,-101.477,-101.469,-100.679,-97.076,-97.432,-100.060,-101.199,-99.629,-97.405,-99.803,-99.660,-102.408,-98.637,-98.854,-99.406,-97.035,-101.993,-100.104,-101.187,-99.614,-100.952,-100.039,-102.412,-97.747,-99.535,-100.663,-101.147,-100.604,-102.345,-100.822,-99.359,-100.081,-98.876,-103.260,-99.605,-101.145,-101.169,-98.640,-101.270,-102.527,-88.458
194.796,85.601,-100.604,-99.404,-100.221,-102.568,-98.875,-99.963,-100.489,-102.378,-98.061,-100.102,-102.336,-101.382,-102.206,-100.259,-101.994,-100.001,-102.162,-101.735,-101.535,-98.967,-100.896,-102.166,-101.798,-99.054,-101.112,-100.058,-103.306,-102.525,-98.624,-100.021,-97.714,-102.399,-102.181,-101.550,-101.064,-99.374,-100.788,-100.038,-101.485,-99.647,-97.102,-98.707,-99.207,-101.984,-100.377,-102.431,-101.275,-100.011,-99.826,-100.828,-97.587,-101.887,-100.209,-96.235,-92.733,-101.941,-98.422,-98.545,-100.712,-98.666,-102.563,-100.830,-101.271,-98.967,-101.551,-102.869,-102.545,-101.305,-100.995,-102.071,-99.730,-102.503,-95.961,-100.823,-100.973,-98.031,-100.940,-102.536,-101.896,-98.326,-100.875,-98.727,-102.588,-99.274,-102.292,-99.326,-100.976,-100.258,-99.128,-99.477,-99.807,-98.638,-99.004,-101.634,-96.382,-101.809,-101.055,-97.288,-101.464,-101.909,-88.522
204.750,85.601,-101.454,-102.134,-101.585,-101.590,-101.432,-101.974,-101.074,-101.727,-99.669,-97.789,-101.140,-100.626,-99.467,-101.839,-100.602,-100.614,-103.545,-98.879,-101.081,-96.291,-100.902,-101.980,-101.987,-84.888,-100.910,-101.070,-102.512,-101.641,-101.143,-99.176,-100.553,-96.748,-102.553,-100.752,-101.281,-99.171,-99.935,-99.450,-100.807,-97.986,-98.661,-100.313,-100.093,-100.122,-98.144,-98.121,-100.141,-101.005,-99.623,-102.431,-102.710,-101.081,-97.189,-92.891,-95.036,-100.970,-98.635,-98.554,-98.206,-101.184,-101.697,-99.057,-99.784,-95.846,-101.259,-101.018,-102.738,-101.579,-98.723,-100.562,-101.427,-102.566,-97.466,-100.916,-100.206,-95.452,-99.830,-100.643,-97.786,-100.310,-98.582,-98.896,-101.967,-99.920,-99.528,-100.737,-103.249,-99.920,-101.424,-99.086,-100.414,-102.548,-99.946,-103.396,-97.406,-99.461,-101.215,-101.808,-101.952,-101.213,-90.554
214.704,85.601,-98.657,-99.626,-101.834,-98.922,-104.267,-100.844,-99.238,-99.046,-101.569,-100.613,-101.790,-101.685,-102.992,-101.469,-100.166,-101.165,-102.600,-100.474,-100.474,-99.821,-101.090,-101.491,-101.093,-100.712,-102.162,-101.231,-102.802,-102.803,-100.829,-100.260,-101.109,-102.491,-100.459,-100.113,-101.313,-98.618,-99.749,-99.457,-98.624,-99.952,-99.232,-98.204,-98.289,-99.315,-103.171,-99.359,-99.800,-101.440,-97.653,-100.065,-97.400,-99.227,-100.419,-94.249,-92.121,-100.049,-99.577,-98.046,-102.299,-100.618,-101.698,-98.880,-102.653,-101.007,-100.439,-101.696,-101.782,-100.168,-98.974,-102.188,-99.592,-101.885,-97.348,-97.494,-100.888,-99.278,-102.796,-101.408,-101.964,-97.236,-98.687,-101.176,-101.783,-97.976,-99.074,-101.970,-99.019,-100.137,-100.074,-100.479,-100.526,-101.488,-100.727,-102.189,-97.554,-101.632,-100.813,-100.437,-101.355,-101.374,-89.421
224.658,85.601,-100.122,-101.007,-102.334,-101.773,-100.484,-101.607,-100.145,-98.316,-99.686,-99.596,-101.682,-101.446,-100.798,-102.833,-102.741,-99.003,-100.820,-102.325,-100.359,-99.423,-99.171,-102.782,-100.840,-101.612,-101.860,-102.125,-100.992,-100.642,-100.257,-99.048,-101.290,-99.315,-102.356,-101.725,-101.829,-99.903,-102.815,-96.529,-100.270,-97.952,-101.123,-98.992,-101.326,-100.727,-101.310,-99.605,-100.389,-98.620,-98.264,-100.799,-95.981,-102.085,-98.528,-94.626,-94.461,-99.718,-97.216,-101.589,-99.662,-101.299,-102.046,-95.479,-100.960,-96.071,-100.330,-101.803,-102.772,-98.805,-100.280,-99.666,-100.630,-100.358,-95.493,-100.011,-100.298,-98.345,-99.023,-100.930,-101.742,-99.113,-101.638,-101.626,-100.179,-100.481,-99.926,-99.419,-101.890,-100.909,-100.562,-100.511,-100.594,-99.592,-98.220,-102.433,-99.126,-100.161,-101.548,-99.829,-98.787,-101.347,-90.689
234.613,85.601,-99.491,-100.693,-101.169,-101.182,-99.445,-102.230,-100.971,-101.347,-99.346,-100.395,-101.940,-100.183,-99.163,-101.071,-100.189,-100.536,-101.377,-99.235,-99.127,-98.888,-99.353,-84.255,-101.011,-102.335,-101.204,-101.474,-103.408,-101.863,-97.808,-101.018,-100.679,-100.284,-102.250,-100.267,-100.249,-99.924,-99.815,-98.814,-103.159,-101.853,-101.129,-97.964,-101.701,-101.591,-99.699,-100.973,-101.360,-101.123,-99.147,-101.860,-95.911,-103.118,-99.581,-97.432,-95.306,-102.105,-100.371,-99.621,-99.290,-98.824,-99.645,-97.246,-100.957,-101.240,-101.293,-101.306,-101.711,-99.724,-97.041,-100.913,-99.925,-101.879,-97.297,-97.225,-100.343,-98.375,-98.585,-102.796,-98.671,-99.648,-101.585,-100.479,-101.287,-98.092,-99.963,-100.921,-100.692,-101.199,-102.613,-98.251,-97.582,-102.361,-99.059,-99.010,-96.446,-99.973,-100.339,-96.920,-101.550,-102.250,-91.131
244.567,85.601,-101.176,-98.568,-101.085,-101.836,-99.528,-101.870,-101.571,-100.873,-101.368,-100.503,-104.151,-102.110,-100.906,-101.359,-100.354,-100.802,-99.127,-101.190,-102.522,-98.665,-101.159,-83.936,-98.645,-84.547,-100.390,-99.414,-99.937,-102.311,-97.232,-102.498,-99.611,-96.935,-100.940,-101.711,-98.203,-99.078,-99.545,-101.480,-101.705,-100.178,-100.958,-98.461,-98.798,-101.287,-101.517,-99.101,-101.338,-97.817,-99.783,-101.483,-99.482,-101.499,-101.768,-94.119,-97.149,-101.657,-101.859,-97.185,-100.560,-99.770,-102.998,-98.560,-101.724,-96.635,-100.045,-99.495,-103.648,-99.198,-100.352,-101.866,-101.054,-102.165,-96.588,-100.815,-100.415,-101.204,-102.108,-101.425,-101.992,-97.730,-100.861,-102.602,-102.011,-100.409,-101.295,-98.449,-102.379,-99.182,-102.043,-100.888,-98.859,-101.926,-98.909,-102.795,-98.413,-102.160,-99.830,-99.154,-102.832,-102.735,-91.535
254.521,85.601,-100.824,-101.369,-101.520,-101.248,-102.702,-102.265,-101.941,-100.511,-100.030,-100.338,-101.850,-101.120,-102.953,-99.396,-102.048,-102.077,-101.845,-102.568,-99.381,-100.223,-101.744,-102.452,-101.667,-101.160,-100.663,-102.162,-99.527,-103.241,-100.593,-98.609,-98.385,-101.822,-101.053,-99.919,-99.922,-98.777,-99.907,-100.819,-100.432,-96.551,-95.244,-99.928,-98.637,-101.610,-101.602,-100.083,-101.201,-100.713,-96.700,-101.283,-96.003,-100.946,-101.093,-95.735,-94.547,-101.472,-100.932,-98.940,-101.617,-99.142,-101.064,-100.437,-100.359,-96.518,-97.342,-101.575,-102.686,-98.880,-99.278,-98.342,-99.268,-102.659,-99.311,-101.352,-101.658,-96.997,-101.723,-99.789,-100.792,-100.426,-100.922,-101.286,-101.192,-96.343,-100.502,-100.550,-98.405,-99.488,-102.739,-101.198,-99.028,-101.993,-99.298,-101.992,-100.790,-99.440,-100.367,-97.789,-101.707,-101.436,-91.172
264.476,85.601,-99.089,-101.682,-98.937,-101.995,-102.630,-104.084,-99.371,-99.526,-98.587,-102.334,-99.803,-100.835,-101.625,-102.172,-100.716,-101.383,-102.003,-102.203,-99.482,-99.581,-99.751,-102.343,-100.247,-98.863,-100.388,-101.358,-101.434,-102.073,-100.188,-99.894,-97.793,-101.285,-101.237,-101.585,-102.180,-101.128,-101.069,-99.323,-102.113,-97.783,-99.385,-100.411,-102.033,-101.762,-100.867,-98.769,-100.761,-101.408,-96.831,-101.824,-100.759,-101.482,-98.859,-95.689,-91.257,-99.316,-101.038,-98.816,-100.189,-98.791,-102.236,-101.341,-101.036,-99.278,-99.693,-99.018,-102.297,-100.433,-97.477,-101.371,-101.234,-101.997,-95.735,-99.553,-100.152,-99.603,-101.729,-101.419,-102.800,-99.608,-102.196,-102.411,-101.259,-97.823,-100.767,-100.761,-101.048,-100.191,-102.438,-97.489,-98.816,-102.622,-101.141,-101.970,-99.103,-100.367,-100.724,-101.233,-101.120,-100.800,-93.296
274.430,85.601,-101.026,-98.020,-99.004,-102.026,-101.968,-100.230,-100.726,-101.182,-101.398,-101.667,-101.798,-101.019,-100.397,-101.368,-102.617,-103.123,-102.625,-102.059,-97.903,-97.886,-100.370,-102.425,-102.207,-101.207,-102.395,-100.615,-100.754,-102.119,-97.668,-101.892,-100.961,-97.549,-101.788,-100.577,-101.510,-100.031,-101.509,-100.290,-100.697,-98.700,-97.903,-98.766,-101.604,-101.559,-99.972,-99.708,-101.135,-99.386,-98.678,-101.522,-100.038,-101.593,-98.529,-91.686,-90.979,-100.252,-99.450,-96.970,-101.522,-99.906,-101.252,-98.028,-101.460,-99.411,-101.291,-102.159,-101.014,-101.716,-101.525,-101.237,-98.159,-101.686,-98.092,-100.994,-100.837,-99.482,-98.807,-99.042,-101.885,-98.684,-98.900,-101.706,-102.877,-98.122,-101.350,-99.170,-101.118,-99.067,-101.621,-99.285,-100.597,-101.647,-100.118,-102.678,-97.662,-102.119,-97.952,-96.136,-99.868,-102.612,-91.937
284.384,85.601,-100.876,-100.302,-101.510,-102.309,-102.746,-99.408,-101.635,-101.258,-102.603,-101.155,-102.305,-100.459,-100.775,-100.989,-101.319,-100.478,-102.196,-101.676,-99.891,-100.623,-100.619,-102.539,-100.247,-82.806,-100.360,-102.131,-101.462,-101.097,-100.941,-100.157,-98.980,-99.059,-101.871,-100.862,-99.562,-99.435,-100.983,-99.004,-103.180,-97.806,-100.508,-102.473,-99.877,-101.980,-100.052,-96.021,-99.085,-101.030,-99.980,-101.751,-98.672,-101.310,-101.132,-95.245,-92.798,-99.550,-98.768,-102.435,-99.414,-98.820,-101.370,-99.834,-100.191,-102.489,-100.088,-102.635,-100.126,-102.511,-99.778,-102.419,-97.800,-102.407,-98.422,-102.150,-100.904,-99.343,-99.899,-99.939,-101.537,-99.990,-100.697,-101.709,-101.536,-97.662,-100.428,-99.818,-100.442,-98.515,-102.065,-101.739,-96.713,-100.300,-101.788,-100.780,-99.610,-99.562,-102.268,-100.954,-102.182,-100.961,-92.621
294.338,85.601,-101.250,-102.118,-101.272,-101.517,-100.381,-102.243,-101.951,-102.343,-98.071,-101.253,-101.856,-100.429,-101.424,-101.880,-102.786,-102.395,-101.487,-100.941,-100.701,-99.359,-100.434,-101.362,-99.833,-103.969,-100.866,-101.484,-101.071,-102.186,-96.646,-99.074,-101.019,-101.264,-102.284,-101.686,-100.746,-100.296,-101.937,-98.459,-101.229,-100.045,-101.435,-100.447,-99.151,-102.001,-98.926,-101.029,-99.012,-98.550,-98.105,-102.323,-96.443,-102.546,-100.510,-94.791,-94.791,-102.494,-99.747,-98.180,-100.728,-100.371,-99.877,-99.562,-102.961,-96.452,-101.427,-100.639,-100.845,-101.714,-100.072,-101.963,-102.351,-104.613,-98.462,-99.681,-100.416,-101.371,-100.310,-100.774,-99.799,-100.363,-100.999,-101.180,-101.730,-98.873,-98.211,-99.903,-100.051,-100.163,-101.108,-99.039,-97.265,-100.106,-96.908,-102.772,-97.826,-99.110,-100.957,-100.886,-102.805,-103.405,-91.979
304.293,85.601,-99.323,-101.109,-99.827,-100.916,-98.930,-102.562,-101.825,-101.201,-98.638,-101.223,-101.965,-99.909,-101.870,-102.267,-101.579,-100.330,-102.604,-99.950,-101.798,-97.868,-101.134,-103.383,-100.981,-98.658,-102.692,-102.594,-99.022,-103.450,-98.300,-100.878,-100.479,-99.182,-102.459,-100.119,-101.579,-99.047,-101.897,-101.738,-99.403,-101.427,-98.282,-100.568,-100.464,-100.536,-101.668,-102.073,-99.619,-101.782,-98.601,-102.537,-101.339,-102.577,-98.268,-96.996,-91.242,-99.242,-96.993,-100.325,-100.929,-99.953,-100.952,-98.451,-98.521,-96.108,-99.497,-100.038,-102.681,-100.607,-102.293,-102.043,-100.602,-102.599,-97.952,-98.578,-102.460,-100.790,-103.338,-100.192,-100.635,-99.049,-99.457,-102.118,-102.188,-99.091,-101.549,-101.025,-100.767,-100.288,-100.882,-98.920,-98.699,-101.327,-99.535,-101.631,-99.342,-101.654,-99.743,-100.802,-100.097,-100.998,-91.412
314.247,85.601,-101.545,-101.346,-102.361,-101.850,-101.841,-102.912,-100.398,-100.609,-99.993,-101.483,-102.496,-100.007,-100.674,-101.539,-100.262,-99.194,-100.329,-101.948,-100.949,-99.074,-102.385,-84.915,-101.014,-100.865,-100.767,-102.302,-101.215,-101.560,-100.872,-99.778,-97.494,-100.897,-102.973,-99.800,-101.626,-99.070,-100.770,-99.948,-101.822,-100.537,-100.697,-99.344,-101.508,-101.165,-100.181,-101.791,-101.693,-98.454,-98.810,-100.851,-100.498,-102.472,-98.502,-91.832,-94.719,-101.421,-100.105,-97.712,-101.816,-100.371,-101.108,-99.666,-101.570,-96.432,-101.040,-101.553,-102.394,-99.612,-99.370,-99.882,-99.907,-101.617,-99.778,-100.619,-99.779,-98.887,-99.321,-101.821,-99.969,-98.510,-100.118,-98.688,-101.256,-96.421,-99.885,-100.101,-100.253,-98.396,-100.655,-102.721,-99.317,-99.861,-101.406,-101.060,-98.142,-100.726,-99.974,-98.564,-100.837,-101.066,-91.041
125.116,100.236,-99.605,-99.165,-100.952,-102.976,-99.449,-101.182,-99.356,-100.734,-100.333,-100.742,-102.372,-98.440,-102.101,-101.632,-101.961,-99.408,-100.647,-100.293,-100.041,-101.960,-101.072,-101.102,-100.592,-101.317,-102.693,-102.204,-101.170,-102.830,-99.906,-101.249,-102.096,-100.162,-101.719,-99.842,-102.638,-101.845,-99.378,-102.217,-101.755,-100.816,-98.407,-99.706,-98.214,-100.412,-101.133,-97.415,-98.383,-100.612,-97.500,-100.849,-97.882,-99.757,-100.274,-96.180,-93.067,-101.689,-100.543,-99.883,-96.709,-101.166,-103.262,-100.686,-101.798,-96.996,-101.038,-100.499,-102.194,-102.104,-94.844,-101.712,-101.453,-103.484,-94.616,-99.234,-100.276,-99.686,-102.881,-100.179,-102.099,-99.807,-99.161,-100.728,-102.295,-99.940,-101.106,-102.014,-102.588,-99.594,-100.885,-103.071,-100.703,-100.956,-100.175,-102.662,-97.492,-101.083,-102.903,-102.791,-99.923,-100.361,-89.005
135.070,100.236,-99.853,-101.465,-102.704,-100.259,-100.498,-100.758,-100.765,-102.842,-102.051,-101.769,-102.222,-97.841,-101.950,-101.943,-101.901,-101.364,-100.464,-99.274,-100.335,-100.110,-98.290,-104.420,-101.306,-83.721,-100.754,-101.830,-100.114,-103.293,-100.694,-101.685,-101.332,-97.659,-102.859,-100.444,-102.629,-99.578,-101.015,-99.108,-101.502,-100.548,-99.348,-101.396,-101.517,-102.509,-100.886,-101.524,-101.368,-101.572,-99.418,-100.506,-98.223,-99.594,-100.221,-97.478,-96.278,-100.063,-100.829,-96.673,-101.353,-100.111,-101.318,-100.709,-99.592,-97.454,-99.452,-102.760,-101.642,-97.002,-99.721,-101.351,-99.418,-101.945,-97.976,-98.130,-102.075,-100.169,-101.156,-102.761,-101.595,-100.203,-101.726,-101.948,-102.022,-97.971,-99.060,-101.775,-99.789,-98.340,-101.649,-101.239,-100.013,-101.022,-98.671,-104.077,-97.594,-98.645,-103.849,-102.401,-103.386,-100.716,-88.515
145.024,100.236,-99.903,-101.716,-100.886,-101.791,-102.887,-99.416,-102.677,-101.704,-98.220,-100.864,-101.201,-98.624,-102.174,-102.515,-102.130,-98.698,-101.846,-103.275,-101.032,-100.722,-102.328,-103.720,-101.293,-83.183,-101.795,-102.994,-101.018,-101.530,-99.721,-99.168,-98.991,-100.771,-101.340,-102.028,-97.584,-100.057,-101.419,-101.503,-102.369,-100.843,-98.232,-99.399,-98.340,-102.413,-100.532,-99.690,-99.854,-100.838,-98.956,-98.957,-98.706,-102.491,-101.043,-97.665,-94.397,-102.160,-101.504,-98.158,-98.311,-99.627,-103.036,-101.182,-101.145,-100.854,-101.167,-102.412,-102.458,-99.519,-98.275,-101.027,-99.346,-102.639,-96.121,-99.798,-102.240,-101.069,-101.144,-102.821,-102.022,-97.709,-99.733,-100.523,-102.220,-100.687,-100.983,-100.533,-98.318,-99.816,-100.876,-99.448,-98.448,-102.069,-96.840,-104.024,-102.359,-99.593,-100.185,-101.175,-102.354,-102.312,-89.690
154.979,100.236,-100.446,-100.997,-101.145,-101.849,-101.374,-102.912,-101.657,-100.837,-100.614,-100.398,-102.244,-99.174,-100.464,-100.935,-101.565,-99.673,-101.012,-102.111,-100.447,-98.774,-102.091,-102.578,-100.069,-100.592,-102.972,-101.342,-98.168,-101.862,-101.790,-101.809,-101.930,-101.041,-101.007,-99.674,-102.866,-99.633,-102.091,-100.997,-100.094,-100.400,-100.753,-99.751,-101.306,-101.146,-100.800,-98.323,-98.456,-102.416,-98.407,-102.223,-97.869,-99.533,-100.104,-96.810,-100.809,-100.799,-98.950,-100.115,-99.781,-101.678,-102.792,-99.978,-102.874,-99.651,-100.357,-102.564,-101.389,-100.816,-101.824,-101.401,-102.839,-101.980,-96.458,-98.756,-102.665,-96.857,-101.417,-102.788,-99.192,-100.159,-102.043,-100.938,-102.398,-98.237,-102.160,-98.621,-101.510,-99.489,-101.907,-98.095,-100.141,-102.367,-98.274,-101.658,-99.640,-98.631,-100.592,-101.822,-100.213,-102.428,-89.663
164.933,100.236,-100.485,-100.540,-100.435,-99.211,-102.090,-100.869,-102.308,-101.927,-100.260,-101.227,-100.619,-98.485,-102.033,-101.721,-101.050,-100.857,-100.911,-99.620,-101.953,-100.678,-101.761,-101.040,-101.027,-100.886,-99.310,-101.647,-98.754,-102.990,-103.177,-102.705,-99.671,-99.473,-102.272,-98.271,-100.978,-100.637,-102.831,-100.754,-102.151,-102.144,-98.345,-98.302,-98.364,-103.418,-101.071,-97.673,-102.771,-99.334,-98.572,-102.159,-96.372,-99.924,-98.597,-94.762,-93.877,-98.560,-100.393,-102.883,-99.340,-98.350,-101.453,-99.016,-103.835,-95.785,-102.030,-103.436,-101.332,-101.477,-99.545,-101.409,-97.838,-103.313,-97.354,-101.290,-101.178,-97.931,-100.625,-102.935,-100.793,-100.750,-100.235,-101.897,-101.870,-96.752,-100.259,-99.174,-99.764,-102.608,-103.227,-100.234,-98.798,-100.519,-98.770,-101.072,-101.329,-99.886,-102.191,-102.486,-101.052,-102.262,-89.490
174.887,100.236,-102.041,-100.499,-102.833,-100.362,-100.064,-102.687,-102.032,-102.037,-101.034,-101.064,-103.263,-102.618,-100.907,-101.864,-101.219,-100.003,-101.661,-99.470,-102.093,-100.774,-100.413,-83.827,-99.913,-83.715,-98.310,-101.655,-97.757,-102.118,-98.557,-101.529,-101.603,-100.695,-100.230,-100.573,-100.293,-101.102,-102.433,-98.911,-102.881,-96.858,-102.356,-99.711,-97.368,-102.629,-99.923,-100.218,-99.457,-101.335,-100.011,-101.786,-99.811,-101.646,-100.491,-94.072,-93.692,-102.167,-99.556,-100.511,-101.045,-98.862,-101.496,-99.930,-99.700,-100.460,-98.899,-99.840,-99.844,-99.370,-97.432,-101.301,-99.154,-100.908,-97.209,-101.243,-100.727,-100.983,-101.523,-102.543,-101.368,-99.045,-101.407,-101.858,-102.948,-97.362,-99.509,-99.824,-102.030,-100.753,-100.941,-100.243,-97.189,-101.580,-99.194,-103.009,-99.423,-100.122,-102.597,-100.087,-99.755,-100.236,-88.982
184.841,100.236,-99.264,-102.055,-100.792,-101.432,-101.076,-102.604,-99.669,-99.556,-99.023,-101.731,-101.509,-101.052,-99.635,-101.502,-100.397,-98.719,-102.296,-99.461,-100.538,-100.211,-102.538,-84.879,-101.814,-100.783,-98.397,-101.908,-101.409,-101.792,-102.114,-99.475,-98.601,-101.105,-97.708,-102.272,-100.045,-100.786,-101.715,-101.418,-102.503,-97.338,-99.317,-98.490,-100.010,-101.903,-101.362,-98.986,-99.297,-101.340,-97.186,-99.984,-99.713,-101.230,-98.770,-94.754,-92.215,-101.625,-101.569,-98.539,-99.844,-100.836,-100.115,-98.209,-98.925,-97.167,-102.317,-101.513,-101.512,-97.980,-98.480,-100.853,-100.170,-102.192,-97.198,-101.007,-101.754,-98.252,-101.367,-101.366,-101.724,-97.511,-100.163,-102.929,-101.886,-100.950,-101.364,-99.324,-101.301,-100.460,-101.149,-97.288,-100.465,-99.928,-98.319,-102.756,-96.665,-99.718,-100.858,-100.876,-101.159,-102.112,-90.170
194.796,100.236,-99.778,-101.010,-102.767,-101.642,-100.001,-100.950,-102.550,-101.436,-102.479,-100.807,-102.107,-100.809,-100.824,-102.282,-100.573,-102.425,-100.425,-101.964,-100.693,-98.673,-101.155,-102.433,-98.672,-101.974,-98.539,-102.142,-100.938,-102.030,-97.811,-100.178,-101.738,-98.936,-101.850,-100.849,-101.721,-97.301,-101.210,-100.768,-100.951,-97.188,-99.192,-101.471,-99.689,-102.983,-102.643,-96.029,-100.073,-101.492,-99.057,-101.649,-98.974,-98.324,-100.510,-92.124,-92.133,-100.595,-98.968,-100.566,-100.134,-100.761,-102.335,-101.955,-101.730,-97.450,-101.607,-101.678,-101.529,-100.367,-98.770,-99.238,-97.817,-103.239,-100.996,-99.029,-101.015,-99.565,-101.648,-101.254,-103.768,-100.151,-99.838,-102.851,-100.483,-100.107,-100.054,-98.766,-100.602,-101.709,-102.249,-97.671,-98.495,-99.911,-101.017,-101.173,-98.198,-99.711,-102.138,-100.656,-101.827,-100.924,-90.371
204.750,100.236,-101.670,-99.894,-102.380,-101.689,-99.063,-101.822,-101.173,-102.959,-100.150,-101.022,-103.216,-102.179,-101.218,-100.886,-101.399,-102.069,-102.232,-101.729,-99.100,-103.035,-102.851,-101.948,-101.056,-101.570,-102.442,-103.416,-101.610,-101.961,-98.019,-100.914,-103.118,-98.691,-102.362,-98.895,-100.678,-98.677,-102.725,-98.205,-101.670,-97.475,-99.473,-99.770,-99.127,-101.948,-101.177,-100.205,-99.839,-99.393,-97.142,-102.044,-97.641,-102.210,-97.618,-94.287,-94.882,-98.577,-100.804,-99.065,-99.659,-99.989,-103.071,-101.601,-101.051,-96.271,-98.627,-100.554,-101.388,-102.759,-97.747,-99.251,-98.496,-101.715,-98.759,-98.705,-101.984,-97.459,-102.467,-101.458,-102.104,-100.040,-102.594,-98.784,-100.665,-98.767,-101.143,-102.636,-100.152,-102.424,-101.757,-100.549,-98.215,-99.226,-100.584,-100.869,-94.268,-99.909,-102.627,-102.218,-100.898,-101.943,-90.624
214.704,100.236,-101.215,-102.614,-103.159,-100.901,-101.808,-101.834,-102.543,-101.261,-97.119,-98.795,-101.066,-99.688,-101.332,-101.907,-101.179,-101.041,-99.732,-101.644,-101.900,-99.397,-100.948,-103.122,-102.875,-85.546,-97.443,-102.572,-99.012,-100.098,-99.877,-100.869,-102.481,-100.182,-102.101,-102.513,-101.704,-100.853,-98.420,-101.235,-101.239,-102.494,-96.464,-98.720,-101.597,-102.507,-100.609,-100.084,-101.767,-102.370,-100.555,-102.081,-97.773,-100.081,-101.803,-91.949,-92.127,-99.867,-101.180,-98.796,-99.109,-100.898,-100.899,-100.871,-101.562,-96.346,-97.686,-102.129,-102.332,-97.657,-98.940,-101.239,-100.923,-101.965,-97.224,-99.857,-103.002,-98.245,-100.378,-101.287,-100.358,-96.870,-101.022,-100.531,-101.548,-97.104,-100.313,-99.014,-100.162,-100.986,-100.461,-99.809,-100.438,-101.754,-100.849,-101.704,-94.235,-101.189,-102.027,-97.504,-100.036,-102.361,-90.340
224.658,100.236,-98.417,-101.448,-102.833,-100.095,-100.895,-101.793,-101.501,-100.930,-100.347,-100.440,-100.952,-100.322,-100.676,-101.305,-101.440,-99.576,-102.615,-101.574,-101.632,-100.176,-102.348,-101.674,-99.999,-102.078,-98.998,-100.404,-99.730,-101.718,-96.978,-101.514,-96.319,-98.813,-103.275,-100.960,-101.417,-101.540,-101.287,-99.609,-101.433,-99.301,-101.652,-101.223,-100.577,-99.310,-97.719,-102.208,-100.806,-97.541,-100.382,-102.731,-98.572,-99.616,-100.703,-93.575,-92.971,-99.780,-100.921,-97.140,-99.755,-100.871,-102.587,-101.468,-101.296,-98.179,-102.098,-101.618,-98.697,-102.463,-99.033,-102.478,-100.195,-98.006,-97.359,-99.212,-98.310,-98.609,-101.355,-102.263,-102.849,-100.118,-101.942,-100.087,-101.959,-100.740,-100.831,-101.309,-99.404,-100.198,-102.580,-99.990,-100.429,-101.688,-99.320,-100.961,-100.881,-100.294,-102.890,-99.266,-100.042,-100.848,-92.428
234.613,100.236,-100.643,-100.811,-101.783,-100.796,-101.889,-103.292,-100.611,-102.385,-97.215,-102.633,-101.808,-100.478,-101.336,-102.292,-102.058,-102.131,-100.248,-101.860,-98.307,-100.447,-101.628,-103.081,-101.100,-102.492,-100.706,-100.372,-100.402,-100.848,-95.113,-100.544,-99.585,-98.513,-102.603,-99.192,-100.668,-100.532,-101.168,-98.830,-100.249,-98.662,-98.483,-99.708,-100.829,-100.691,-101.230,-102.426,-100.607,-101.623,-99.358,-102.171,-97.885,-100.668,-96.394,-92.821,-92.920,-101.908,-98.293,-100.273,-101.348,-98.899,-102.985,-100.741,-101.206,-98.076,-100.109,-102.058,-101.327,-100.010,-98.874,-101.271,-99.928,-99.868,-98.013,-100.791,-98.399,-98.622,-101.096,-100.852,-100.139,-97.914,-102.343,-100.461,-100.748,-100.832,-99.138,-101.316,-101.021,-100.477,-101.040,-100.303,-97.414,-100.813,-98.011,-102.076,-96.873,-101.298,-102.561,-100.839,-101.629,-102.451,-91.013
244.567,100.236,-98.927,-100.985,-101.845,-101.803,-101.343,-99.258,-102.234,-102.135,-96.778,-100.174,-102.873,-101.429,-101.346,-102.573,-101.312,-100.115,-100.753,-100.711,-99.033,-99.628,-101.828,-84.309,-103.404,-102.489,-99.253,-102.214,-97.319,-100.756,-97.194,-99.732,-101.626,-100.722,-102.306,-101.816,-99.230,-101.742,-101.387,-100.755,-101.797,-99.687,-99.912,-98.778,-98.947,-101.623,-101.283,-101.070,-101.955,-102.927,-101.010,-102.467,-97.314,-98.694,-99.777,-92.712,-94.457,-98.994,-98.490,-98.861,-99.109,-98.910,-99.518,-97.350,-102.484,-100.521,-99.859,-98.030,-100.637,-101.459,-101.195,-101.782,-98.724,-101.971,-98.089,-100.980,-101.025,-100.786,-99.563,-100.290,-102.299,-100.019,-100.192,-96.851,-101.793,-100.915,-100.282,-101.195,-99.207,-100.821,-102.971,-98.188,-100.750,-100.085,-98.295,-102.976,-102.069,-103.104,-99.738,-102.177,-102.182,-102.464,-92.609
254.521,100.236,-101.779,-103.065,-101.716,-101.673,-99.660,-101.149,-101.700,-100.987,-100.081,-101.310,-102.160,-99.685,-101.245,-100.619,-102.209,-100.254,-100.997,-101.364,-100.737,-99.502,-100.921,-83.602,-99.242,-98.548,-102.364,-98.699,-99.123,-100.989,-99.158,-97.761,-99.966,-98.709,-101.135,-100.621,-100.847,-99.557,-101.899,-99.038,-103.059,-101.849,-98.053,-102.505,-103.333,-102.166,-102.019,-99.108,-100.865,-100.995,-99.274,-101.042,-99.224,-99.981,-99.807,-96.046,-94.437,-102.608,-97.651,-99.285,-100.313,-101.642,-100.596,-99.709,-100.692,-98.498,-101.012,-102.302,-101.476,-98.649,-98.839,-100.870,-100.603,-100.000,-99.100,-100.548,-100.789,-98.229,-101.137,-101.136,-101.180,-98.868,-101.649,-101.544,-103.030,-100.319,-99.059,-100.243,-98.685,-100.089,-101.409,-100.449,-99.327,-100.351,-98.856,-102.955,-98.080,-99.169,-102.733,-98.394,-101.560,-102.278,-93.720
264.476,100.236,-100.184,-101.052,-101.042,-100.916,-98.837,-102.356,-101.480,-101.726,-99.817,-100.882,-101.025,-101.840,-101.306,-99.502,-100.525,-100.819,-101.143,-99.409,-102.604,-99.393,-102.486,-83.290,-101.452,-102.361,-101.865,-101.461,-102.013,-102.803,-98.719,-98.524,-103.369,-97.470,-100.996,-99.919,-101.129,-98.970,-100.734,-99.746,-102.091,-97.030,-99.428,-99.231,-99.425,-102.458,-102.873,-99.937,-99.670,-101.568,-100.257,-102.727,-96.517,-101.137,-98.520,-94.489,-92.391,-100.619,-101.076,-97.814,-100.518,-98.780,-102.185,-98.930,-100.245,-99.240,-101.031,-100.482,-101.182,-102.370,-103.215,-102.684,-100.359,-102.744,-94.343,-101.699,-100.000,-99.512,-101.707,-102.353,-102.504,-97.358,-101.783,-102.459,-101.941,-98.804,-98.776,-99.542,-100.981,-97.626,-102.315,-97.224,-96.667,-101.406,-100.443,-103.256,-98.239,-102.307,-102.227,-102.133,-100.192,-103.143,-94.360
274.430,100.236,-97.850,-100.110,-99.170,-102.877,-100.812,-100.851,-101.342,-100.545,-96.895,-101.894,-101.401,-97.542,-100.793,-100.074,-101.586,-98.720,-99.858,-101.827,-98.843,-97.410,-100.866,-102.711,-100.249,-102.802,-98.860,-99.188,-103.267,-101.997,-100.253,-102.260,-100.734,-100.142,-102.020,-100.529,-101.592,-101.189,-98.630,-101.049,-102.763,-101.426,-102.495,-102.176,-102.231,-101.617,-99.764,-101.064,-101.812,-98.622,-98.563,-100.830,-98.071,-101.303,-98.646,-93.909,-90.282,-99.855,-100.216,-98.982,-101.634,-98.143,-102.306,-99.861,-99.256,-100.388,-101.105,-101.127,-102.368,-99.363,-97.949,-99.151,-96.464,-102.483,-97.309,-100.374,-100.780,-96.873,-101.398,-102.782,-101.041,-102.280,-100.799,-99.839,-101.061,-100.379,-101.190,-99.537,-98.935,-98.528,-101.614,-102.585,-99.243,-100.366,-99.837,-101.393,-97.667,-102.844,-100.656,-100.500,-101.270,-100.926,-93.966
284.384,100.236,-99.606,-100.669,-101.532,-101.343,-100.191,-101.841,-100.912,-102.676,-100.375,-97.712,-100.411,-99.016,-101.973,-101.363,-100.627,-102.148,-100.900,-100.767,-100.325,-99.802,-102.749,-102.112,-100.404,-100.299,-99.444,-101.631,-97.577,-101.471,-100.413,-100.774,-100.818,-97.920,-102.463,-100.139,-100.339,-101.882,-98.959,-101.425,-101.830,-99.753,-99.373,-98.381,-100.160,-100.770,-102.121,-98.710,-100.620,-102.433,-99.228,-99.163,-97.794,-101.201,-98.715,-90.632,-91.085,-100.482,-100.330,-98.359,-99.410,-96.992,-102.648,-97.111,-100.808,-100.428,-97.573,-100.415,-99.739,-99.514,-99.453,-101.871,-100.514,-102.457,-98.350,-101.276,-101.006,-98.838,-99.836,-99.875,-98.691,-97.641,-102.396,-102.683,-103.383,-99.566,-99.530,-100.845,-101.860,-99.623,-102.198,-99.172,-95.941,-101.645,-99.049,-101.441,-99.067,-100.515,-101.193,-100.046,-99.754,-101.963,-94.824
294.338,100.236,-100.258,-100.510,-102.442,-101.961,-101.348,-102.645,-101.461,-100.634,-99.479,-99.122,-101.185,-98.348,-101.563,-101.449,-100.728,-100.664,-101.540,-99.320,-99.545,-101.867,-101.966,-102.035,-103.581,-101.043,-102.113,-102.273,-102.532,-100.534,-98.309,-99.754,-98.430,-100.248,-101.905,-99.870,-103.284,-97.666,-98.438,-98.204,-102.334,-99.102,-101.662,-101.990,-101.149,-103.308,-103.805,-98.843,-101.800,-99.456,-96.423,-101.194,-99.560,-102.556,-98.816,-93.716,-97.103,-99.255,-98.516,-98.230,-101.434,-97.980,-98.132,-100.274,-98.720,-99.559,-98.645,-99.496,-100.960,-102.026,-100.356,-99.472,-98.054,-101.176,-99.541,-99.510,-102.487,-99.331,-102.725,-101.782,-101.309,-97.482,-102.058,-101.548,-102.877,-101.036,-101.412,-98.221,-100.806,-96.423,-102.158,-103.117,-96.859,-102.968,-99.866,-102.141,-100.380,-99.296,-98.823,-98.636,-101.641,-101.189,-95.339
304.293,100.236,-100.974,-100.028,-101.808,-101.276,-101.926,-102.857,-100.101,-100.699,-100.607,-100.096,-101.148,-99.600,-102.142,-99.820,-102.600,-101.511,-101.289,-102.945,-101.080,-99.318,-101.914,-102.345,-99.867,-101.388,-102.574,-102.237,-99.675,-101.096,-100.803,-99.648,-101.790,-101.243,-100.917,-100.683,-102.005,-100.344,-101.664,-99.864,-102.036,-100.345,-99.971,-100.369,-100.961,-100.549,-100.393,-102.715,-100.948,-101.031,-98.877,-102.229,-100.678,-100.336,-97.454,-95.596,-94.156,-102.668,-100.125,-98.575,-101.039,-97.257,-102.878,-98.140,-102.300,-97.695,-97.173,-101.565,-101.535,-98.126,-100.218,-102.479,-102.477,-102.381,-93.736,-102.024,-101.025,-98.777,-100.138,-102.669,-101.503,-101.014,-99.390,-99.430,-103.349,-101.550,-97.310,-99.394,-100.908,-100.506,-102.449,-100.092,-98.911,-102.033,-99.976,-102.524,-101.802,-99.981,-102.450,-100.397,-101.495,-101.203,-94.583
314.247,100.236,-101.465,-99.332,-103.082,-100.585,-101.940,-102.208,-101.957,-100.829,-99.591,-101.124,-101.313,-100.840,-101.051,-101.857,-101.807,-98.929,-100.493,-99.511,-99.823,-101.291,-102.156,-103.203,-100.269,-100.344,-100.553,-99.770,-100.943,-102.767,-98.898,-99.203,-102.208,-102.321,-100.665,-102.565,-102.143,-101.057,-99.901,-99.823,-103.007,-101.358,-99.385,-100.090,-100.116,-101.244,-100.493,-99.206,-101.817,-101.114,-97.419,-101.198,-98.925,-101.528,-98.173,-93.169,-93.399,-99.940,-98.932,-98.230,-100.690,-99.575,-101.087,-99.195,-100.525,-100.416,-97.621,-101.782,-102.330,-100.976,-99.685,-102.160,-98.280,-101.210,-95.816,-100.122,-100.954,-100.951,-99.882,-101.904,-101.797,-95.607,-100.335,-102.072,-101.649,-97.569,-101.651,-101.406,-101.836,-98.835,-100.967,-98.344,-101.670,-102.120,-99.075,-101.331,-99.706,-100.713,-101.430,-100.323,-99.736,-101.068,-91.689
125.116,114.871,-101.948,-100.236,-99.669,-98.371,-100.979,-101.006,-101.725,-100.281,-100.155,-100.783,-101.703,-101.011,-101.548,-101.769,-102.047,-101.641,-102.961,-101.867,-99.464,-101.323,-103.153,-102.039,-102.779,-99.168,-100.668,-99.939,-101.707,-101.680,-99.118,-99.977,-100.957,-97.770,-102.532,-100.730,-101.068,-99.359,-100.732,-101.210,-101.752,-99.760,-100.660,-97.592,-100.723,-101.902,-101.872,-99.600,-101.269,-96.947,-97.288,-102.956,-100.744,-102.395,-99.995,-94.498,-94.292,-103.028,-100.983,-98.400,-99.986,-98.498,-101.716,-99.854,-98.166,-96.132,-100.741,-101.566,-101.820,-100.800,-99.362,-99.941,-101.648,-101.375,-99.309,-101.025,-101.062,-101.436,-102.039,-102.261,-102.121,-99.963,-102.233,-102.281,-102.708,-102.122,-97.128,-100.908,-101.489,-101.904,-102.572,-101.190,-96.459,-101.174,-99.727,-101.181,-101.210,-100.126,-101.103,-98.939,-99.530,-102.916,-90.179
135.070,114.871,-100.293,-100.066,-101.977,-101.047,-101.021,-101.662,-101.008,-103.844,-98.828,-101.958,-103.204,-100.784,-100.626,-102.302,-100.844,-99.058,-101.835,-101.911,-98.797,-98.369,-102.411,-101.882,-102.640,-98.995,-98.894,-102.277,-98.482,-100.118,-100.759,-101.946,-98.914,-98.129,-99.787,-100.812,-97.362,-102.291,-102.314,-99.140,-101.482,-100.801,-99.293,-99.636,-102.288,-103.176,-100.842,-100.764,-99.895,-100.471,-97.423,-102.325,-98.912,-102.287,-96.825,-97.001,-95.017,-101.936,-100.539,-99.004,-97.161,-100.622,-101.810,-99.482,-101.802,-97.650,-99.712,-101.124,-101.890,-101.420,-99.087,-100.397,-101.521,-101.810,-96.161,-98.086,-101.005,-98.977,-100.921,-100.968,-102.386,-96.990,-99.756,-100.971,-102.170,-101.868,-98.473,-99.765,-99.914,-98.182,-100.596,-100.341,-97.305,-101.723,-99.576,-99.474,-98.788,-99.502,-99.128,-101.214,-98.504,-100.979,-90.355
145.024,114.871,-101.690,-100.817,-100.214,-100.897,-100.796,-100.387,-101.822,-101.660,-102.069,-99.181,-100.281,-100.770,-100.860,-101.772,-101.460,-99.327,-101.692,-100.283,-100.899,-98.798,-101.967,-102.814,-101.718,-83.909,-98.435,-101.817,-101.863,-101.978,-100.428,-100.338,-100.531,-98.449,-101.668,-100.553,-102.002,-100.194,-101.959,-100.629,-101.728,-97.011,-99.282,-98.976,-100.580,-101.665,-101.560,-101.306,-99.985,-99.966,-96.227,-99.798,-98.259,-99.331,-96.758,-94.095,-96.898,-102.085,-99.387,-97.473,-97.937,-99.631,-101.824,-99.951,-101.332,-97.796,-97.531,-101.390,-100.370,-100.200,-98.584,-101.402,-101.777,-100.761,-95.015,-100.411,-100.595,-99.724,-101.280,-102.673,-101.574,-100.197,-101.338,-100.598,-102.571,-99.410,-101.882,-101.808,-101.246,-99.040,-101.223,-99.729,-97.073,-98.589,-99.835,-101.389,-99.297,-100.504,-100.988,-100.628,-98.914,-101.789,-88.852
154.979,114.871,-101.316,-98.406,-99.891,-101.746,-100.874,-101.917,-102.131,-102.719,-99.732,-101.516,-101.010,-101.625,-100.984,-101.613,-103.209,-101.249,-102.776,-101.838,-99.916,-100.961,-103.032,-102.037,-102.599,-102.508,-102.055,-100.427,-102.045,-102.311,-102.397,-100.070,-103.550,-100.175,-100.213,-101.269,-103.831,-100.210,-101.966,-102.727,-100.675,-96.963,-100.848,-101.125,-100.281,-102.872,-99.629,-99.187,-102.163,-100.349,-100.003,-102.325,-98.037,-98.900,-101.817,-95.054,-94.152,-102.311,-99.645,-97.452,-101.772,-98.236,-101.003,-98.344,-100.919,-97.507,-100.092,-100.388,-103.566,-99.833,-102.516,-101.358,-100.472,-102.384,-94.092,-99.429,-99.416,-99.034,-99.531,-99.534,-102.603,-99.332,-100.201,-100.583,-101.369,-98.818,-100.871,-99.366,-96.715,-101.018,-101.753,-99.156,-98.016,-101.601,-100.520,-100.575,-101.333,-98.978,-101.749,-102.831,-100.702,-101.922,-90.386
164.933,114.871,-100.853,-101.185,-102.967,-102.630,-99.781,-101.059,-100.894,-101.129,-101.580,-98.634,-101.866,-100.548,-101.702,-102.203,-101.950,-102.754,-100.193,-100.215,-102.108,-98.359,-99.779,-103.855,-99.161,-99.719,-100.803,-99.539,-101.165,-101.469,-99.329,-99.946,-99.611,-101.688,-101.742,-100.847,-101.233,-101.995,-98.134,-99.831,-103.473,-100.420,-97.405,-100.829,-101.077,-100.892,-101.790,-95.991,-99.874,-100.362,-99.737,-103.205,-96.926,-101.385,-100.012,-94.158,-95.955,-102.871,-98.042,-103.445,-96.852,-100.639,-98.065,-99.194,-101.982,-98.869,-98.318,-102.126,-103.181,-100.664,-99.888,-99.775,-97.673,-102.857,-98.040,-100.513,-102.273,-101.519,-101.700,-100.072,-100.843,-97.003,-99.009,-100.588,-102.138,-101.526,-101.793,-100.985,-101.256,-100.606,-101.459,-99.593,-97.087,-97.589,-100.710,-102.795,-100.940,-100.963,-103.286,-100.753,-100.846,-101.552,-90.322
174.887,114.871,-98.978,-100.607,-100.712,-100.847,-100.727,-101.402,-99.944,-102.498,-102.359,-99.711,-101.585,-102.797,-101.496,-99.083,-103.873,-102.455,-102.860,-102.252,-100.078,-101.699,-101.064,-83.513,-102.527,-98.979,-98.943,-99.164,-100.321,-101.796,-100.840,-98.394,-101.449,-101.073,-102.921,-99.879,-101.149,-99.237,-101.635,-98.979,-103.846,-103.037,-98.726,-101.857,-99.949,-101.424,-100.679,-99.723,-100.161,-99.260,-98.825,-101.599,-97.161,-101.674,-98.628,-97.800,-97.066,-99.628,-100.931,-98.471,-99.467,-100.347,-101.895,-99.517,-101.952,-100.336,-100.012,-103.097,-101.270,-102.089,-101.263,-101.169,-99.542,-100.403,-95.670,-98.205,-103.057,-100.569,-103.038,-101.728,-100.476,-98.541,-101.991,-99.959,-103.685,-99.460,-99.811,-99.827,-101.624,-102.523,-102.407,-98.873,-98.722,-103.131,-99.953,-102.313,-97.847,-100.226,-100.398,-98.987,-101.197,-102.817,-90.806
184.841,114.871,-97.865,-100.140,-101.701,-99.193,-100.292,-101.314,-102.667,-100.398,-101.690,-99.663,-102.717,-99.500,-100.363,-101.772,-101.195,-102.304,-102.861,-103.384,-100.535,-101.255,-100.921,-85.516,-101.313,-100.410,-98.995,-99.645,-99.783,-101.601,-98.434,-101.148,-100.413,-99.742,-100.819,-99.918,-98.924,-99.137,-103.572,-101.503,-103.291,-99.490,-99.616,-99.042,-99.646,-101.961,-99.201,-101.527,-97.655,-98.139,-100.087,-102.618,-98.671,-102.100,-99.750,-97.269,-95.462,-100.065,-100.712,-98.237,-99.444,-101.562,-102.887,-99.933,-102.144,-96.920,-101.347,-102.317,-101.987,-98.722,-101.053,-100.313,-99.938,-102.352,-97.922,-100.399,-101.727,-98.685,-102.676,-102.747,-102.164,-102.515,-101.573,-100.136,-102.629,-99.992,-103.383,-98.128,-100.999,-100.939,-102.049,-100.780,-100.175,-102.332,-98.524,-102.141,-98.088,-102.229,-102.081,-100.772,-101.745,-104.093,-90.209
194.796,114.871,-100.940,-99.975,-102.403,-103.588,-100.160,-100.954,-102.072,-103.549,-102.024,-100.471,-102.131,-101.566,-101.187,-101.205,-100.781,-100.975,-101.783,-101.664,-101.683,-101.974,-101.156,-84.279,-99.213,-102.023,-99.762,-102.656,-101.645,-100.961,-101.458,-103.268,-102.003,-98.909,-102.050,-100.564,-101.448,-101.411,-101.435,-98.087,-103.058,-99.076,-100.567,-99.766,-101.892,-101.570,-101.086,-99.646,-99.063,-99.083,-99.012,-103.052,-98.128,-100.439,-101.115,-98.405,-96.076,-101.968,-98.774,-100.391,-99.526,-101.573,-103.141,-100.634,-101.692,-98.297,-98.092,-101.997,-101.063,-99.007,-101.418,-99.491,-96.577,-100.950,-95.615,-101.697,-101.696,-102.579,-102.903,-100.174,-101.716,-99.228,-100.346,-99.580,-101.393,-100.250,-100.500,-100.451,-101.248,-102.766,-101.699,-99.976,-100.580,-102.066,-100.370,-104.145,-98.988,-98.791,-96.681,-99.556,-100.413,-102.801,-90.256
204.750,114.871,-101.645,-102.084,-100.960,-103.194,-101.133,-101.125,-100.634,-100.800,-99.912,-100.060,-102.495,-98.790,-101.984,-98.833,-100.409,-100.243,-101.708,-99.500,-99.723,-96.964,-101.032,-103.636,-100.892,-100.900,-100.491,-100.031,-100.308,-103.135,-102.258,-98.367,-102.189,-99.320,-101.885,-101.646,-102.805,-98.569,-99.990,-101.045,-101.741,-99.156,-101.338,-97.818,-99.811,-101.158,-101.427,-102.474,-99.146,-100.213,-98.671,-101.892,-97.440,-100.086,-100.648,-97.862,-92.116,-100.676,-100.948,-98.495,-99.791,-97.008,-102.861,-99.337,-100.963,-99.360,-101.134,-102.430,-101.334,-99.865,-98.311,-100.041,-100.805,-102.943,-97.290,-101.754,-103.465,-99.494,-102.928,-100.516,-100.911,-100.072,-101.298,-101.558,-101.890,-99.554,-101.097,-102.727,-100.901,-99.246,-100.004,-99.381,-100.862,-100.820,-99.415,-102.412,-99.669,-101.418,-99.735,-101.088,-100.851,-103.354,-91.584
214.704,114.871,-100.437,-100.409,-101.571,-101.744,-99.164,-103.474,-102.798,-102.431,-99.674,-97.691,-101.811,-99.636,-101.053,-101.222,-103.690,-100.688,-101.695,-102.706,-102.583,-99.813,-103.527,-102.946,-102.579,-101.700,-101.639,-101.370,-98.459,-101.764,-97.733,-99.444,-98.649,-100.290,-102.201,-99.639,-101.026,-98.348,-99.653,-95.585,-100.900,-97.178,-99.974,-100.138,-100.265,-101.722,-99.167,-101.144,-100.532,-101.110,-98.374,-101.296,-98.554,-101.374,-99.787,-94.568,-97.224,-99.086,-100.920,-99.751,-98.469,-102.660,-101.952,-100.104,-100.670,-98.235,-99.879,-101.579,-100.749,-99.103,-98.575,-100.681,-100.267,-102.507,-97.309,-98.765,-99.418,-95.450,-100.599,-103.277,-101.554,-100.046,-101.500,-103.254,-102.333,-99.330,-100.820,-100.168,-102.883,-101.630,-100.736,-99.202,-100.951,-99.959,-97.297,-101.145,-97.059,-103.229,-101.050,-99.394,-98.361,-102.016,-91.981
224.658,114.871,-100.320,-101.357,-100.707,-99.584,-99.137,-101.880,-101.344,-102.870,-101.067,-100.566,-100.594,-101.500,-102.044,-101.610,-101.436,-100.402,-101.546,-101.203,-100.557,-102.295,-101.987,-102.317,-99.964,-102.576,-100.285,-102.588,-99.973,-102.410,-98.296,-100.413,-98.234,-100.616,-102.984,-101.553,-103.123,-100.638,-101.525,-99.313,-102.066,-102.951,-101.528,-100.781,-101.002,-100.719,-103.406,-97.616,-100.447,-100.128,-100.159,-100.971,-100.147,-101.966,-99.022,-94.882,-95.551,-101.076,-98.776,-98.646,-100.586,-97.838,-102.855,-101.052,-100.488,-97.827,-100.136,-101.841,-101.290,-97.965,-99.925,-99.046,-99.026,-103.985,-98.931,-101.607,-101.629,-97.770,-102.561,-103.026,-100.560,-100.281,-102.784,-101.479,-101.939,-99.407,-100.744,-97.973,-101.151,-101.859,-101.332,-100.512,-99.235,-100.625,-100.748,-103.461,-100.140,-100.621,-102.260,-99.542,-100.192,-102.991,-93.993
234.613,114.871,-101.001,-100.867,-99.495,-99.988,-101.583,-100.798,-100.979,-101.651,-100.836,-100.448,-100.805,-100.077,-99.277,-101.715,-101.455,-101.641,-100.288,-100.683,-102.695,-97.153,-102.685,-101.587,-101.298,-100.991,-100.791,-102.191,-100.101,-103.569,-102.054,-100.755,-97.847,-99.590,-103.401,-99.920,-100.238,-99.065,-100.090,-102.037,-102.246,-101.243,-97.178,-102.903,-97.825,-101.218,-100.134,-100.314,-100.788,-102.405,-97.142,-100.522,-98.661,-101.278,-99.553,-94.822,-92.762,-101.539,-96.371,-98.806,-101.483,-101.488,-100.772,-98.169,-100.005,-97.973,-100.374,-101.989,-101.941,-97.467,-98.863,-102.236,-100.030,-102.931,-96.340,-101.151,-99.327,-100.972,-99.996,-100.234,-100.910,-99.812,-99.955,-102.992,-103.048,-100.357,-100.589,-100.224,-100.561,-101.440,-101.344,-100.733,-96.306,-101.913,-99.758,-102.111,-97.873,-98.468,-101.552,-101.036,-98.158,-101.843,-93.273
244.567,114.871,-100.506,-98.803,-102.088,-103.079,-101.495,-101.358,-103.098,-100.424,-102.754,-99.380,-101.612,-98.215,-99.156,-99.063,-102.998,-103.028,-103.091,-100.505,-100.581,-100.634,-101.587,-101.443,-98.713,-102.402,-102.397,-102.353,-100.138,-101.139,-99.857,-101.589,-101.026,-100.050,-102.140,-100.735,-101.026,-97.890,-100.829,-101.777,-103.088,-99.460,-98.713,-98.970,-100.496,-101.674,-98.895,-99.490,-101.438,-100.200,-98.631,-100.943,-97.017,-99.355,-97.887,-94.229,-97.240,-101.562,-98.919,-99.666,-98.684,-101.678,-102.920,-100.530,-99.098,-98.439,-98.196,-99.841,-101.774,-101.471,-100.440,-101.147,-99.825,-101.256,-97.110,-101.756,-102.119,-100.298,-100.643,-102.320,-101.340,-98.465,-101.804,-99.694,-101.764,-99.359,-100.813,-98.332,-98.826,-102.119,-102.789,-100.880,-99.632,-102.471,-97.542,-101.841,-99.162,-100.297,-101.528,-98.650,-99.399,-101.473,-95.170
254.521,114.871,-99.220,-101.203,-101.708,-99.570,-99.045,-101.641,-100.366,-100.041,-100.049,-98.482,-101.677,-99.568,-101.747,-101.483,-101.686,-101.294,-102.642,-100.170,-99.969,-100.054,-100.991,-81.784,-101.286,-101.397,-101.013,-102.721,-100.949,-100.882,-98.401,-100.418,-101.182,-98.167,-100.835,-102.885,-101.430,-98.793,-100.340,-100.959,-101.850,-99.676,-101.013,-100.922,-101.680,-103.137,-100.703,-98.951,-99.689,-99.243,-99.063,-101.652,-98.412,-101.127,-96.462,-93.162,-96.033,-100.644,-100.420,-97.610,-98.561,-98.948,-103.195,-100.193,-102.545,-98.821,-98.291,-98.890,-100.327,-100.636,-99.768,-100.870,-98.752,-102.748,-97.674,-97.935,-100.231,-102.537,-101.313,-102.757,-99.183,-99.107,-101.610,-100.341,-102.775,-101.264,-97.889,-97.758,-102.024,-101.065,-102.107,-102.138,-101.435,-100.432,-99.660,-101.576,-97.597,-102.139,-102.363,-100.938,-102.842,-101.296,-95.778
264.476,114.871,-102.796,-101.271,-102.218,-101.242,-100.676,-102.203,-100.766,-101.977,-99.605,-98.549,-102.151,-100.272,-101.920,-100.651,-101.710,-99.136,-102.274,-103.022,-98.973,-101.475,-101.569,-83.470,-98.794,-82.725,-101.507,-101.140,-98.633,-100.816,-98.813,-100.324,-100.383,-101.495,-102.359,-99.405,-98.398,-100.154,-99.234,-101.072,-103.683,-102.808,-98.599,-100.654,-100.673,-102.026,-101.350,-99.611,-102.216,-99.388,-98.912,-104.229,-102.044,-100.632,-100.987,-96.095,-95.123,-101.447,-99.262,-100.820,-97.066,-100.558,-100.577,-98.988,-99.982,-98.275,-98.379,-101.637,-101.950,-100.999,-98.006,-100.277,-100.150,-101.215,-97.957,-99.180,-102.035,-97.459,-101.522,-101.570,-99.111,-101.775,-100.273,-101.485,-101.558,-99.392,-99.454,-101.424,-101.662,-99.739,-102.468,-102.512,-102.237,-101.402,-100.755,-103.292,-99.775,-99.588,-100.269,-98.808,-97.956,-100.071,-93.231
274.430,114.871,-98.556,-99.852,-101.668,-101.622,-100.668,-100.503,-102.267,-102.291,-100.625,-101.255,-102.612,-98.571,-102.978,-103.120,-99.826,-100.497,-103.201,-103.535,-101.582,-101.987,-100.298,-100.934,-102.054,-101.715,-100.922,-104.102,-101.036,-103.174,-97.804,-100.482,-103.370,-101.629,-101.350,-102.097,-101.277,-99.268,-101.565,-101.272,-101.482,-97.288,-101.620,-99.175,-102.065,-100.200,-101.384,-99.947,-98.380,-101.384,-98.529,-103.103,-95.412,-101.690,-99.290,-94.227,-94.008,-100.413,-98.799,-97.869,-100.606,-99.024,-100.710,-100.331,-101.453,-97.139,-99.918,-100.762,-102.735,-101.434,-100.966,-101.535,-98.135,-102.412,-98.884,-100.433,-102.304,-99.560,-100.513,-102.751,-101.732,-96.921,-102.248,-101.178,-99.180,-99.871,-99.223,-102.653,-98.257,-98.351,-102.016,-102.680,-96.140,-102.298,-100.168,-101.458,-100.284,-102.450,-101.993,-98.749,-102.174,-102.566,-94.356
284.384,114.871,-99.305,-103.270,-101.027,-101.597,-100.258,-102.000,-99.983,-101.002,-100.996,-98.984,-101.956,-100.963,-100.188,-100.792,-101.723,-100.095,-102.132,-102.586,-101.819,-98.419,-102.785,-102.594,-101.357,-99.869,-101.896,-102.345,-99.331,-102.202,-98.629,-99.085,-99.163,-100.042,-103.475,-100.697,-102.258,-98.952,-100.368,-100.840,-101.060,-99.609,-98.474,-99.553,-100.152,-101.141,-100.558,-102.563,-100.229,-101.126,-99.521,-102.593,-99.190,-101.280,-99.373,-95.388,-95.545,-100.171,-100.936,-97.447,-101.381,-98.561,-102.876,-99.513,-100.769,-97.689,-98.741,-102.487,-100.803,-100.289,-101.862,-101.392,-100.350,-103.256,-95.185,-99.144,-99.825,-99.894,-101.989,-102.283,-97.491,-100.027,-99.971,-102.709,-102.137,-101.357,-100.552,-99.017,-101.945,-98.177,-101.416,-98.250,-96.693,-101.089,-99.860,-101.087,-99.361,-100.909,-101.419,-101.325,-102.742,-102.209,-95.248
294.338,114.871,-99.661,-101.061,-102.514,-101.261,-101.695,-101.429,-100.483,-100.553,-99.233,-102.067,-100.907,-100.320,-101.253,-101.463,-101.776,-97.208,-102.313,-101.340,-96.090,-100.911,-102.288,-101.166,-101.146,-100.401,-100.713,-102.154,-102.005,-102.867,-100.199,-102.858,-101.916,-98.144,-101.664,-101.003,-99.341,-99.716,-100.927,-100.198,-101.257,-98.688,-99.362,-97.559,-101.958,-100.700,-100.862,-98.721,-101.081,-100.969,-97.647,-102.414,-101.375,-100.982,-99.920,-95.419,-94.354,-101.383,-99.202,-100.596,-99.239,-97.850,-102.807,-98.862,-100.592,-100.753,-99.912,-101.862,-100.824,-100.666,-98.773,-102.797,-100.107,-102.689,-98.695,-99.201,-99.486,-98.269,-100.732,-100.423,-102.714,-97.184,-101.014,-100.244,-102.471,-101.245,-101.098,-99.068,-101.585,-97.886,-101.967,-100.221,-99.758,-102.304,-98.923,-103.701,-100.205,-101.455,-102.016,-102.615,-101.935,-101.046,-94.779
304.293,114.871,-101.499,-99.205,-101.959,-102.069,-99.225,-102.632,-100.177,-100.999,-96.829,-99.121,-103.582,-102.475,-98.841,-99.321,-100.929,-99.364,-101.058,-102.995,-100.927,-98.462,-98.966,-102.726,-102.883,-100.830,-99.891,-100.463,-101.819,-102.294,-99.472,-100.736,-100.354,-98.644,-101.748,-101.570,-101.460,-100.080,-100.567,-100.841,-103.453,-98.398,-100.068,-99.914,-101.322,-101.335,-100.180,-99.492,-101.124,-100.365,-97.792,-101.672,-95.733,-98.404,-100.496,-95.617,-90.861,-101.288,-98.532,-100.620,-99.104,-102.623,-101.577,-101.473,-99.952,-99.818,-98.522,-102.097,-101.059,-100.996,-100.759,-100.609,-101.795,-103.924,-95.629,-100.405,-102.500,-100.122,-101.535,-100.507,-100.588,-102.017,-102.230,-98.813,-102.304,-100.142,-100.091,-100.803,-102.272,-100.505,-102.780,-101.757,-100.785,-100.087,-100.212,-100.627,-101.116,-97.933,-101.371,-99.090,-102.621,-101.938,-97.552
314.247,114.871,-99.952,-101.730,-101.300,-99.797,-101.532,-102.599,-101.288,-102.117,-100.951,-101.416,-99.549,-100.516,-101.314,-101.026,-101.023,-99.421,-103.042,-100.139,-100.589,-99.737,-101.860,-102.289,-100.233,-84.120,-98.951,-101.535,-102.192,-102.026,-100.200,-100.078,-102.966,-100.734,-102.884,-100.112,-102.778,-99.445,-101.168,-101.703,-100.629,-97.548,-101.828,-98.738,-98.559,-100.215,-102.870,-99.798,-100.758,-98.829,-99.751,-102.304,-95.581,-101.488,-100.161,-91.399,-91.318,-100.349,-101.287,-98.477,-99.279,-100.131,-100.488,-98.392,-98.924,-100.538,-99.183,-101.890,-101.864,-99.860,-101.517,-98.393,-99.735,-102.659,-96.326,-97.960,-102.432,-101.150,-101.024,-100.765,-99.513,-98.707,-101.335,-99.849,-102.899,-101.813,-101.633,-99.090,-99.037,-99.445,-102.868,-102.219,-98.465,-100.220,-102.274,-100.141,-101.475,-103.768,-101.886,-101.488,-102.784,-101.259,-98.020
125.116,129.506,-100.906,-98.896,-102.442,-100.946,-99.359,-102.473,-101.877,-102.984,-103.341,-101.316,-101.874,-101.906,-101.997,-101.233,-102.534,-102.364,-101.082,-102.376,-101.557,-101.919,-101.377,-86.784,-100.507,-101.261,-98.606,-100.769,-101.178,-103.129,-100.954,-100.229,-101.954,-99.632,-101.786,-100.814,-101.691,-100.999,-102.577,-100.909,-103.023,-99.562,-99.021,-97.974,-98.846,-103.363,-99.449,-101.178,-102.274,-101.327,-101.697,-101.424,-98.480,-103.180,-99.266,-95.621,-95.840,-99.432,-99.458,-98.854,-98.744,-99.307,-103.138,-96.586,-101.756,-100.779,-100.428,-99.980,-99.986,-100.281,-100.836,-101.793,-100.231,-102.182,-97.682,-101.245,-101.268,-100.026,-101.370,-102.323,-101.143,-99.474,-100.872,-100.858,-103.619,-100.846,-99.041,-101.230,-101.467,-97.718,-101.013,-100.678,-99.038,-100.901,-98.418,-102.824,-98.423,-101.909,-99.727,-99.970,-102.848,-101.514,-89.692
135.070,129.506,-100.408,-100.058,-102.400,-101.178,-99.360,-102.004,-101.014,-100.819,-99.742,-100.319,-102.424,-100.587,-101.688,-100.928,-101.219,-102.567,-102.554,-101.955,-103.317,-101.273,-100.510,-103.178,-102.997,-101.366,-99.698,-101.635,-102.680,-101.500,-98.825,-100.451,-100.360,-98.146,-101.076,-102.163,-102.335,-98.014,-101.801,-100.718,-100.847,-97.246,-99.970,-98.720,-98.535,-102.865,-99.797,-100.212,-101.591,-100.117,-96.598,-100.099,-96.510,-101.649,-102.081,-97.616,-95.532,-101.612,-99.197,-98.617,-99.288,-101.515,-101.198,-101.789,-98.529,-98.568,-98.398,-101.536,-100.601,-98.828,-100.436,-100.822,-97.515,-101.466,-97.509,-100.181,-101.388,-101.559,-102.906,-102.305,-99.449,-99.997,-101.323,-101.316,-102.880,-99.076,-100.445,-99.338,-97.941,-101.645,-102.762,-101.506,-98.137,-102.517,-99.009,-102.018,-97.844,-100.487,-100.234,-98.063,-102.138,-102.482,-90.720
145.024,129.506,-98.314,-99.757,-103.105,-101.947,-102.139,-101.022,-102.035,-101.312,-102.323,-99.911,-100.142,-101.715,-100.991,-102.010,-102.567,-100.279,-102.066,-101.963,-99.267,-101.783,-101.491,-100.563,-101.154,-102.054,-101.626,-101.020,-98.749,-103.385,-98.832,-101.163,-102.431,-100.540,-102.013,-101.897,-101.537,-99.541,-101.480,-101.907,-101.622,-98.969,-101.344,-99.662,-102.724,-101.671,-102.674,-101.727,-101.756,-102.285,-98.466,-102.349,-97.470,-99.822,-99.408,-96.154,-95.119,-100.892,-99.965,-96.839,-100.226,-98.917,-102.100,-98.373,-99.130,-97.698,-101.678,-102.024,-102.788,-101.947,-100.280,-97.542,-99.656,-103.224,-97.338,-101.697,-100.202,-99.105,-101.832,-102.406,-101.898,-103.006,-100.019,-99.364,-102.025,-98.905,-100.096,-101.563,-103.043,-102.723,-101.883,-99.817,-99.804,-103.326,-97.961,-102.218,-96.994,-101.418,-99.909,-100.055,-102.512,-102.757,-91.528
154.979,129.506,-101.933,-99.353,-100.528,-102.272,-99.880,-100.816,-100.860,-98.167,-100.288,-103.422,-102.118,-99.893,-102.204,-101.960,-101.409,-98.470,-100.630,-101.669,-99.424,-99.668,-101.916,-101.893,-100.692,-101.532,-102.326,-101.747,-101.988,-101.621,-100.824,-100.934,-99.741,-98.598,-101.114,-101.999,-100.840,-99.632,-101.625,-104.108,-101.353,-99.282,-99.971,-100.016,-98.705,-101.362,-99.897,-99.209,-101.208,-100.367,-100.897,-100.113,-99.164,-101.892,-103.035,-94.962,-93.526,-100.147,-101.741,-100.160,-100.982,-100.455,-101.872,-101.194,-98.216,-96.845,-100.199,-101.017,-104.398,-101.538,-98.772,-102.151,-101.215,-103.118,-96.106,-101.812,-101.605,-99.816,-102.650,-102.348,-101.820,-99.223,-102.193,-100.830,-103.204,-99.945,-102.556,-101.477,-101.198,-99.124,-101.945,-100.913,-98.961,-101.560,-98.457,-102.004,-98.407,-101.498,-100.066,-100.898,-100.415,-98.719,-91.124
164.933,129.506,-102.762,-99.865,-100.854,-102.467,-102.475,-102.269,-99.509,-103.106,-98.969,-100.736,-100.201,-100.061,-101.607,-102.424,-101.643,-100.467,-102.371,-101.668,-102.608,-100.915,-101.988,-102.990,-102.620,-100.512,-98.101,-100.342,-99.884,-101.273,-98.942,-100.126,-102.056,-101.165,-102.412,-100.938,-101.283,-99.826,-100.537,-98.593,-102.268,-100.680,-100.192,-96.874,-99.134,-101.063,-98.678,-99.200,-101.758,-100.639,-98.056,-101.253,-98.087,-102.676,-98.632,-96.124,-96.776,-98.284,-99.628,-97.632,-102.405,-98.907,-101.474,-102.744,-101.639,-97.033,-99.372,-100.986,-99.465,-100.983,-100.545,-100.824,-100.677,-101.377,-97.394,-101.984,-100.978,-100.264,-102.396,-98.821,-102.478,-98.259,-101.686,-102.296,-101.720,-101.097,-102.139,-97.953,-98.000,-103.488,-100.560,-101.350,-97.721,-101.921,-101.099,-103.560,-97.255,-99.624,-100.256,-99.177,-100.106,-102.332,-90.505
174.887,129.506,-99.995,-101.175,-101.845,-99.620,-101.244,-100.409,-99.593,-101.556,-102.177,-101.162,-101.642,-101.257,-101.329,-100.916,-101.833,-101.961,-100.687,-102.091,-100.532,-101.442,-102.062,-101.034,-100.757,-101.534,-100.022,-102.688,-100.282,-100.408,-96.117,-102.772,-100.068,-99.788,-101.050,-100.781,-101.680,-98.111,-99.035,-98.904,-100.567,-99.354,-101.229,-101.073,-99.273,-101.395,-99.006,-102.725,-100.425,-100.821,-97.547,-101.795,-99.887,-101.875,-100.120,-97.805,-96.366,-100.908,-97.562,-98.523,-99.235,-97.394,-103.691,-99.277,-103.058,-97.425,-100.018,-101.940,-99.047,-97.691,-101.783,-99.035,-101.481,-100.832,-97.912,-98.866,-102.474,-99.737,-102.053,-98.636,-100.856,-98.177,-98.659,-102.677,-99.880,-99.733,-101.863,-101.174,-100.815,-100.897,-101.670,-98.984,-97.572,-101.661,-101.183,-103.207,-97.873,-101.541,-100.982,-99.666,-102.205,-102.543,-91.522
184.841,129.506,-100.216,-100.077,-100.381,-101.843,-100.932,-101.911,-102.901,-101.627,-100.670,-102.324,-102.643,-98.031,-102.219,-103.007,-101.476,-99.407,-103.142,-101.741,-98.960,-101.050,-100.291,-84.194,-101.243,-101.036,-100.777,-101.113,-101.555,-102.248,-100.002,-102.491,-100.103,-99.857,-101.331,-101.652,-101.637,-100.457,-101.423,-97.988,-101.706,-97.778,-101.461,-99.411,-101.512,-102.825,-100.041,-98.781,-99.115,-98.754,-96.386,-100.476,-96.763,-100.021,-99.455,-94.966,-96.334,-100.626,-98.934,-99.474,-99.195,-100.977,-103.178,-98.874,-99.487,-97.593,-100.750,-100.769,-100.092,-101.652,-99.676,-101.481,-101.287,-100.800,-96.965,-100.496,-99.742,-99.556,-101.982,-102.257,-99.748,-98.438,-101.256,-103.340,-102.408,-100.019,-101.065,-101.566,-100.776,-98.314,-103.838,-97.253,-100.121,-98.948,-99.990,-100.808,-100.003,-99.391,-100.851,-98.146,-100.953,-102.647,-91.119
194.796,129.506,-101.776,-98.638,-100.275,-101.764,-101.733,-100.562,-101.895,-103.187,-101.419,-100.439,-101.583,-101.015,-101.279,-101.280,-102.341,-100.672,-100.868,-100.480,-99.220,-101.905,-98.801,-83.158,-100.754,-101.965,-99.870,-102.643,-102.167,-102.046,-101.587,-101.220,-99.476,-99.739,-100.775,-100.193,-99.954,-100.267,-101.376,-96.845,-100.425,-97.927,-100.355,-100.416,-102.429,-100.333,-101.995,-101.500,-102.900,-100.890,-99.974,-102.166,-99.309,-100.459,-98.329,-95.028,-97.421,-100.741,-99.025,-96.993,-99.886,-98.246,-102.629,-98.973,-100.430,-98.995,-101.067,-100.169,-100.999,-101.273,-99.110,-100.200,-97.435,-102.260,-97.237,-102.826,-102.993,-100.452,-99.805,-100.565,-101.608,-97.177,-101.243,-100.372,-101.851,-101.475,-102.971,-100.333,-101.811,-98.606,-101.628,-99.371,-99.033,-100.497,-99.324,-100.902,-100.078,-100.508,-100.684,-99.020,-102.818,-102.772,-92.632
204.750,129.506,-99.045,-101.746,-98.488,-102.580,-102.411,-103.218,-102.456,-101.445,-97.578,-102.718,-102.936,-99.332,-99.865,-101.643,-102.283,-101.913,-100.941,-101.266,-102.030,-100.876,-100.538,-101.022,-100.961,-102.114,-103.111,-101.761,-100.310,-102.540,-98.990,-99.505,-102.951,-100.570,-101.653,-101.098,-100.125,-100.945,-102.247,-100.602,-101.667,-97.671,-99.394,-100.973,-102.482,-102.132,-102.067,-100.043,-101.121,-101.068,-102.105,-102.059,-100.591,-101.448,-102.877,-93.831,-98.652,-101.749,-102.619,-99.937,-98.735,-99.175,-102.359,-100.058,-99.911,-97.292,-103.628,-99.896,-100.970,-103.320,-99.741,-98.943,-100.452,-102.438,-97.626,-102.169,-99.689,-98.898,-101.415,-100.675,-102.709,-96.963,-100.629,-101.622,-101.828,-101.062,-100.542,-101.252,-101.949,-99.397,-101.569,-101.607,-99.578,-99.590,-98.946,-102.027,-99.804,-103.315,-103.681,-98.877,-100.824,-102.228,-92.841
214.704,129.506,-101.573,-100.791,-101.261,-100.488,-99.780,-100.481,-102.768,-101.239,-100.763,-102.263,-103.072,-100.970,-99.474,-99.871,-101.868,-101.420,-99.489,-99.548,-100.888,-100.118,-101.768,-101.423,-101.702,-100.918,-102.400,-101.380,-100.413,-100.847,-100.864,-100.597,-100.083,-101.960,-103.706,-99.841,-99.228,-100.131,-101.376,-97.295,-101.494,-98.819,-102.225,-101.562,-100.926,-101.558,-101.461,-100.684,-102.361,-96.893,-97.287,-102.321,-96.839,-98.864,-100.921,-96.238,-96.590,-100.700,-100.938,-99.127,-100.980,-99.893,-100.622,-100.276,-99.421,-97.968,-101.090,-103.141,-103.596,-99.014,-100.242,-99.910,-100.464,-101.823,-95.273,-100.089,-100.740,-102.146,-102.020,-102.944,-100.661,-99.781,-100.858,-101.413,-102.392,-100.311,-101.926,-101.874,-99.482,-98.886,-99.336,-101.729,-101.008,-99.770,-100.508,-102.229,-98.181,-100.961,-102.827,-99.002,-101.166,-102.589,-91.761
224.658,129.506,-99.280,-96.477,-100.575,-102.101,-102.010,-103.168,-100.259,-99.618,-100.305,-100.822,-101.811,-100.148,-100.029,-100.406,-100.594,-102.057,-101.988,-100.927,-99.656,-100.848,-102.046,-101.184,-102.240,-101.947,-101.910,-103.320,-100.235,-103.827,-100.237,-100.410,-101.437,-99.541,-102.612,-100.938,-99.557,-100.807,-98.442,-98.927,-102.182,-99.560,-101.203,-96.535,-101.809,-101.667,-102.701,-99.567,-101.667,-100.354,-99.905,-100.606,-98.502,-101.481,-98.318,-96.163,-96.114,-100.464,-101.060,-97.573,-101.809,-100.141,-100.968,-100.690,-100.902,-97.198,-100.670,-101.276,-101.686,-100.043,-101.300,-100.947,-100.496,-101.909,-95.582,-101.262,-100.754,-100.640,-102.633,-103.149,-101.569,-98.091,-101.590,-100.677,-102.567,-99.742,-101.796,-101.444,-101.070,-100.157,-101.155,-100.122,-96.932,-101.183,-98.543,-100.715,-97.861,-100.473,-101.103,-100.694,-99.243,-103.487,-92.416
234.613,129.506,-102.058,-100.401,-102.917,-99.712,-97.860,-101.809,-99.870,-101.934,-97.012,-99.821,-103.407,-101.171,-102.735,-101.172,-102.817,-102.379,-99.708,-103.148,-102.205,-98.134,-100.988,-101.577,-101.419,-99.585,-100.908,-102.066,-99.283,-102.471,-101.715,-101.508,-100.825,-98.851,-102.593,-99.642,-101.736,-98.960,-100.751,-100.182,-102.131,-101.085,-96.116,-100.801,-101.882,-102.061,-101.617,-98.622,-101.882,-100.651,-99.264,-100.716,-101.440,-100.526,-101.355,-92.436,-94.401,-102.783,-100.336,-98.630,-98.847,-99.172,-102.248,-102.295,-102.493,-99.030,-100.944,-103.789,-101.987,-102.694,-101.506,-102.290,-100.178,-103.632,-98.228,-100.359,-100.879,-100.086,-98.455,-99.106,-98.671,-100.427,-100.126,-98.312,-101.760,-102.251,-99.018,-101.939,-101.449,-101.783,-102.040,-101.888,-96.615,-98.326,-97.928,-101.281,-99.652,-101.085,-101.837,-101.769,-98.684,-101.658,-94.142
244.567,129.506,-100.003,-98.762,-100.480,-100.994,-101.269,-100.738,-100.119,-102.151,-101.958,-97.948,-101.568,-102.429,-99.500,-102.289,-101.903,-101.428,-100.701,-103.424,-101.145,-100.045,-99.956,-102.880,-101.089,-86.080,-101.292,-100.993,-103.299,-101.515,-100.807,-101.991,-98.443,-99.463,-102.607,-102.108,-101.856,-100.772,-99.221,-99.568,-101.041,-100.081,-101.247,-101.208,-98.015,-100.369,-103.022,-99.369,-102.704,-98.938,-99.126,-101.637,-99.722,-101.451,-101.354,-94.973,-92.481,-101.443,-99.917,-98.649,-98.781,-101.119,-102.237,-99.054,-101.615,-100.611,-99.837,-102.290,-102.008,-100.831,-97.937,-96.614,-98.183,-102.815,-98.541,-99.057,-102.659,-98.892,-100.852,-102.858,-99.995,-99.176,-101.584,-98.777,-102.438,-99.903,-100.711,-99.306,-98.692,-99.563,-101.445,-101.111,-98.284,-101.275,-100.346,-101.664,-99.471,-97.863,-100.938,-101.902,-100.708,-99.324,-93.932
254.521,129.506,-102.425,-101.206,-103.584,-100.757,-101.861,-101.574,-101.632,-101.555,-102.083,-97.773,-101.411,-102.052,-99.281,-101.490,-102.053,-101.203,-101.157,-99.819,-101.502,-101.456,-100.473,-101.563,-100.194,-101.947,-99.335,-100.627,-101.163,-101.673,-100.620,-99.371,-101.825,-100.514,-103.249,-96.643,-100.548,-97.264,-101.137,-101.827,-101.902,-100.601,-99.490,-100.185,-102.719,-100.431,-101.799,-98.775,-97.459,-100.548,-97.764,-103.042,-97.704,-101.129,-100.207,-95.929,-92.487,-100.510,-98.601,-98.227,-99.454,-99.227,-102.034,-103.736,-101.203,-98.030,-101.070,-101.571,-102.748,-100.972,-100.437,-101.525,-102.279,-101.847,-98.798,-98.275,-100.062,-100.591,-101.489,-102.225,-101.610,-100.744,-100.925,-100.453,-100.960,-102.741,-100.259,-100.559,-99.912,-100.764,-100.261,-100.829,-96.987,-102.010,-99.964,-101.923,-101.907,-101.921,-101.974,-100.071,-101.116,-103.386,-95.016
264.476,129.506,-103.678,-101.311,-101.147,-101.642,-102.244,-101.267,-102.593,-100.170,-99.909,-102.260,-102.336,-102.383,-101.158,-100.096,-102.211,-100.802,-102.002,-101.223,-100.352,-102.561,-101.546,-83.455,-99.673,-83.204,-99.465,-100.729,-101.301,-101.844,-102.546,-100.984,-102.579,-102.635,-102.059,-102.578,-101.698,-99.498,-99.168,-102.405,-101.294,-99.137,-100.602,-98.087,-98.672,-101.444,-101.038,-100.044,-101.155,-100.387,-98.035,-100.754,-98.939,-101.925,-101.799,-95.251,-92.184,-100.115,-99.741,-98.944,-99.836,-98.922,-101.566,-97.603,-101.642,-99.068,-101.141,-99.789,-100.203,-99.581,-99.705,-97.756,-98.442,-102.955,-99.495,-100.189,-101.218,-99.930,-101.539,-102.489,-99.360,-98.011,-102.013,-102.152,-99.789,-98.151,-100.750,-101.370,-102.417,-101.180,-100.679,-98.858,-98.182,-102.810,-101.201,-101.892,-97.717,-101.184,-102.609,-103.293,-99.988,-101.434,-98.553
274.430,129.506,-100.246,-99.407,-103.179,-101.438,-101.561,-102.019,-99.812,-102.100,-100.151,-102.130,-102.366,-101.113,-100.522,-100.714,-101.438,-101.882,-102.027,-97.798,-102.368,-100.547,-98.604,-85.072,-103.590,-102.286,-99.482,-101.175,-101.935,-101.449,-102.080,-101.075,-99.942,-99.515,-101.546,-97.443,-102.533,-98.039,-101.933,-99.737,-102.219,-102.371,-99.374,-100.767,-99.287,-103.070,-101.318,-98.103,-100.837,-100.573,-97.203,-101.460,-99.957,-101.474,-97.666,-95.415,-93.886,-101.972,-99.494,-96.983,-99.086,-101.799,-101.699,-99.950,-100.258,-97.765,-99.556,-101.223,-100.341,-98.029,-101.573,-101.246,-100.502,-102.927,-98.841,-98.392,-102.404,-100.132,-101.112,-101.581,-97.829,-97.309,-101.102,-100.730,-102.111,-97.536,-102.702,-103.077,-99.762,-100.151,-103.158,-99.706,-99.535,-102.462,-99.379,-101.722,-99.472,-100.746,-103.111,-101.708,-98.561,-101.847,-96.957
284.384,129.506,-100.548,-99.030,-101.770,-100.816,-101.356,-100.720,-102.563,-102.947,-100.919,-101.622,-102.360,-99.061,-99.507,-100.530,-102.021,-99.199,-99.078,-99.196,-101.416,-98.862,-101.581,-100.496,-101.493,-102.353,-100.522,-99.481,-100.589,-100.708,-99.025,-102.343,-100.035,-101.233,-102.002,-99.079,-101.299,-98.915,-99.418,-102.118,-101.952,-99.746,-100.914,-100.744,-99.994,-101.807,-102.694,-98.961,-98.465,-100.011,-99.015,-101.130,-96.997,-102.165,-100.443,-93.881,-93.676,-101.538,-100.287,-96.992,-100.462,-100.201,-101.011,-100.835,-100.683,-98.795,-100.902,-102.038,-98.475,-100.875,-97.795,-102.268,-102.289,-101.086,-96.257,-97.814,-102.618,-101.178,-100.293,-99.193,-101.396,-99.733,-101.863,-101.432,-101.914,-96.674,-99.576,-99.418,-98.214,-97.250,-101.197,-97.446,-98.840,-101.844,-98.768,-102.342,-99.569,-98.629,-102.512,-102.812,-100.340,-101.783,-96.773
294.338,129.506,-97.644,-102.064,-102.429,-99.628,-98.853,-101.937,-98.938,-99.812,-99.740,-100.998,-99.545,-98.361,-100.194,-100.257,-99.989,-102.004,-100.980,-101.711,-98.812,-100.082,-101.492,-101.271,-100.102,-100.703,-100.199,-102.163,-99.818,-103.135,-99.801,-102.795,-101.906,-101.460,-102.927,-99.917,-99.404,-98.791,-102.483,-101.609,-103.747,-99.290,-98.941,-101.936,-97.062,-101.026,-99.113,-100.068,-100.405,-99.202,-98.781,-100.743,-98.468,-99.691,-98.643,-94.406,-92.802,-101.737,-99.698,-97.463,-100.470,-99.771,-101.595,-98.703,-102.051,-98.515,-98.396,-102.611,-100.039,-102.766,-100.140,-100.561,-98.667,-102.603,-98.044,-99.668,-102.353,-101.689,-101.920,-102.748,-101.128,-100.347,-102.853,-100.769,-101.816,-102.158,-100.066,-100.484,-101.541,-100.604,-100.461,-102.730,-101.167,-101.133,-98.984,-99.603,-101.817,-100.130,-102.167,-97.367,-101.742,-101.019,-96.828
304.293,129.506,-100.452,-100.173,-101.926,-100.095,-102.049,-101.311,-101.603,-98.869,-101.459,-101.310,-99.892,-100.359,-101.985,-102.223,-99.936,-100.369,-101.863,-101.464,-101.220,-99.883,-102.175,-102.412,-100.690,-101.184,-101.584,-100.634,-101.950,-102.532,-99.342,-102.256,-101.862,-100.543,-102.963,-102.606,-101.554,-101.603,-100.550,-99.747,-102.566,-100.979,-97.994,-102.025,-100.346,-102.216,-101.385,-98.783,-102.223,-99.216,-99.495,-101.837,-98.698,-100.852,-100.411,-91.546,-92.465,-100.208,-99.395,-96.802,-97.626,-103.038,-100.837,-98.747,-102.321,-101.007,-97.990,-101.166,-104.214,-101.324,-100.032,-101.069,-97.244,-102.847,-94.913,-98.941,-101.067,-99.514,-102.325,-103.155,-101.856,-100.148,-102.157,-99.602,-101.225,-100.860,-100.398,-100.976,-100.691,-100.268,-100.675,-97.553,-98.823,-100.914,-99.062,-100.777,-99.281,-100.935,-101.061,-98.974,-100.469,-101.341,-98.987
314.247,129.506,-100.698,-99.312,-102.024,-101.402,-98.532,-101.767,-101.592,-101.988,-99.124,-101.728,-101.974,-98.490,-100.444,-101.048,-101.508,-101.346,-102.191,-100.296,-101.703,-99.507,-102.146,-102.336,-100.189,-99.082,-100.269,-102.271,-98.367,-101.517,-96.997,-101.626,-101.936,-100.677,-102.225,-100.975,-95.310,-101.816,-100.887,-100.929,-101.072,-100.542,-100.542,-70.822,-97.165,-102.807,-101.318,-99.468,-99.805,-99.307,-101.389,-100.754,-99.229,-101.868,-100.523,-94.982,-93.844,-102.484,-99.993,-98.002,-99.764,-100.333,-102.303,-97.355,-101.464,-98.264,-99.102,-101.920,-102.380,-100.881,-98.576,-100.798,-99.676,-102.866,-95.890,-98.686,-101.612,-98.810,-102.573,-101.019,-99.078,-100.827,-98.424,-101.084,-101.292,-97.861,-100.389,-101.046,-98.720,-101.375,-99.873,-100.021,-97.677,-103.522,-102.552,-101.332,-99.669,-101.266,-101.962,-100.011,-101.704,-102.170,-96.895
125.116,144.141,-102.468,-98.338,-101.216,-101.057,-100.238,-101.943,-101.640,-99.208,-100.505,-101.517,-100.244,-100.595,-101.645,-102.886,-99.561,-101.337,-101.159,-102.429,-99.928,-99.054,-100.661,-88.801,-101.475,-102.237,-97.180,-101.855,-100.009,-102.752,-100.991,-102.355,-99.064,-101.150,-103.683,-101.435,-101.924,-102.383,-100.736,-100.180,-102.746,-99.624,-100.495,-99.923,-100.256,-103.413,-101.347,-101.575,-100.803,-100.916,-99.556,-101.730,-97.648,-99.143,-98.337,-97.085,-99.305,-99.433,-98.569,-98.184,-100.682,-99.369,-101.131,-101.024,-100.627,-97.990,-97.391,-101.139,-101.212,-99.408,-98.623,-101.408,-98.902,-100.360,-99.324,-100.886,-99.905,-99.134,-103.275,-101.612,-102.886,-97.149,-101.590,-98.427,-98.638,-99.968,-99.603,-100.475,-99.811,-100.685,-102.855,-101.993,-98.977,-102.343,-98.869,-102.440,-98.758,-99.013,-100.348,-99.621,-100.925,-102.371,-89.580
135.070,144.141,-100.756,-100.259,-99.860,-100.219,-100.013,-102.968,-100.821,-102.156,-100.538,-99.644,-100.395,-97.601,-99.019,-99.973,-101.186,-99.305,-102.183,-102.010,-102.389,-97.813,-101.944,-101.804,-101.507,-101.891,-101.910,-101.052,-101.621,-102.066,-100.838,-102.092,-98.111,-101.475,-102.292,-101.761,-101.530,-99.878,-100.856,-101.665,-101.143,-101.560,-98.858,-101.472,-99.170,-99.971,-101.737,-97.805,-101.311,-102.751,-101.197,-102.822,-96.515,-98.759,-100.369,-94.141,-94.277,-99.770,-99.206,-98.728,-100.336,-98.003,-101.140,-99.440,-101.215,-97.778,-99.471,-102.692,-102.651,-99.297,-100.174,-101.693,-99.532,-103.033,-96.652,-99.874,-101.565,-101.959,-99.692,-101.367,-99.918,-100.927,-100.592,-101.035,-101.756,-97.812,-100.646,-100.932,-102.149,-98.904,-103.406,-98.646,-99.532,-101.636,-99.448,-103.947,-99.964,-97.670,-102.794,-100.051,-101.177,-102.623,-90.382
145.024,144.141,-99.429,-100.270,-99.724,-103.216,-101.541,-100.561,-101.387,-102.241,-99.817,-99.320,-102.692,-102.048,-101.760,-102.079,-102.585,-100.112,-102.405,-100.869,-101.075,-100.136,-100.587,-102.111,-101.733,-100.368,-99.258,-100.703,-101.472,-101.219,-99.818,-102.136,-99.288,-100.430,-103.128,-102.682,-102.527,-100.325,-102.436,-101.148,-101.842,-99.239,-101.370,-100.272,-102.960,-102.640,-101.848,-100.563,-101.538,-101.246,-95.649,-100.816,-95.624,-102.088,-98.307,-97.570,-97.385,-101.953,-101.924,-99.540,-101.141,-100.933,-102.898,-100.917,-99.872,-95.532,-99.531,-101.248,-102.972,-97.555,-96.799,-101.040,-99.939,-103.017,-95.946,-100.327,-102.873,-101.515,-102.337,-101.276,-98.714,-101.213,-100.037,-99.732,-103.155,-101.845,-101.757,-101.296,-102.073,-101.583,-102.990,-101.860,-99.042,-98.851,-100.286,-103.117,-98.973,-102.104,-99.434,-98.241,-101.708,-102.422,-91.606
154.979,144.141,-100.600,-101.063,-102.594,-101.189,-100.716,-98.893,-100.569,-102.757,-98.284,-99.617,-100.007,-100.321,-101.571,-100.157,-101.842,-99.195,-99.642,-101.157,-101.489,-98.889,-99.657,-102.410,-98.052,-102.508,-99.747,-100.876,-101.739,-102.392,-99.321,-102.335,-101.139,-98.622,-102.643,-102.032,-101.532,-101.099,-101.589,-98.718,-102.597,-100.095,-98.207,-99.843,-102.396,-101.512,-102.242,-100.935,-100.752,-100.034,-97.613,-101.414,-97.889,-99.986,-102.029,-94.943,-95.511,-101.956,-100.994,-97.714,-100.057,-101.692,-102.782,-99.760,-98.177,-97.103,-97.436,-102.110,-103.086,-98.702,-98.919,-99.531,-102.769,-100.604,-98.446,-101.669,-102.126,-100.263,-100.707,-100.692,-100.656,-98.024,-99.586,-100.932,-103.093,-99.654,-98.840,-100.902,-98.928,-100.849,-101.285,-102.156,-101.152,-103.844,-98.352,-101.987,-100.182,-98.275,-99.683,-99.666,-99.673,-102.858,-91.758
164.933,144.141,-99.673,-100.574,-102.351,-101.902,-102.226,-101.024,-100.657,-101.599,-98.838,-102.314,-103.573,-100.956,-101.481,-99.856,-101.475,-101.929,-102.108,-101.253,-101.872,-99.414,-100.973,-100.478,-100.900,-102.782,-98.066,-100.144,-100.933,-100.457,-100.318,-97.317,-99.740,-100.659,-102.422,-102.138,-101.473,-100.034,-99.475,-101.414,-102.886,-100.829,-98.828,-97.698,-100.844,-100.995,-100.396,-99.519,-100.333,-101.738,-101.546,-100.605,-98.099,-99.223,-97.912,-96.863,-99.097,-101.554,-100.986,-100.413,-99.398,-101.780,-101.140,-99.828,-102.394,-98.188,-101.560,-103.119,-100.983,-101.850,-100.098,-103.582,-101.077,-100.951,-98.397,-99.424,-100.370,-99.141,-101.590,-102.223,-100.127,-96.491,-100.808,-101.952,-101.920,-99.919,-99.233,-97.606,-100.963,-99.820,-101.933,-99.789,-102.113,-100.218,-99.727,-102.497,-97.734,-100.176,-100.741,-98.596,-100.450,-102.683,-91.792
174.887,144.141,-97.895,-101.858,-100.889,-101.232,-101.390,-102.284,-101.587,-100.472,-100.944,-100.391,-101.680,-103.019,-102.534,-102.262,-101.922,-101.026,-101.558,-100.720,-100.491,-99.593,-102.548,-100.808,-101.787,-83.773,-100.050,-100.609,-100.706,-101.911,-100.115,-100.005,-102.029,-98.797,-100.395,-99.815,-100.181,-99.067,-102.428,-101.597,-101.301,-98.561,-98.571,-72.344,-100.597,-103.318,-100.513,-98.014,-98.165,-99.058,-99.199,-99.714,-99.396,-100.312,-100.705,-95.557,-95.726,-101.537,-99.134,-98.361,-100.625,-100.847,-102.457,-98.439,-102.942,-98.048,-99.481,-102.769,-101.559,-99.647,-97.683,-101.865,-100.676,-100.279,-95.206,-98.368,-100.259,-98.798,-101.715,-101.437,-102.399,-98.129,-99.637,-101.071,-101.793,-97.382,-101.244,-100.496,-101.821,-101.718,-101.289,-101.540,-98.361,-100.955,-100.240,-102.978,-99.461,-98.439,-102.510,-100.949,-101.187,-102.438,-92.775
184.841,144.141,-98.926,-101.720,-100.642,-101.414,-101.531,-102.818,-100.409,-103.132,-99.905,-99.363,-100.836,-99.599,-101.401,-100.439,-100.366,-100.321,-100.620,-100.604,-101.284,-101.637,-101.895,-102.103,-100.745,-100.865,-100.187,-102.378,-100.878,-102.401,-100.733,-102.022,-100.412,-102.678,-102.668,-101.540,-102.368,-100.719,-99.443,-99.117,-100.627,-99.702,-99.338,-71.721,-101.007,-100.664,-101.334,-99.003,-99.684,-98.161,-99.875,-102.383,-97.570,-102.059,-101.552,-96.801,-96.211,-98.780,-99.547,-97.059,-101.474,-98.303,-102.200,-98.807,-99.619,-98.528,-99.833,-100.723,-100.735,-101.299,-100.850,-99.151,-100.266,-101.096,-95.963,-101.062,-102.620,-100.842,-101.732,-102.683,-101.097,-99.159,-100.295,-100.440,-101.761,-98.468,-101.587,-99.901,-102.678,-100.339,-100.545,-98.479,-98.582,-102.270,-100.611,-103.681,-99.526,-101.829,-103.021,-99.933,-99.947,-102.375,-92.766
194.796,144.141,-101.195,-102.145,-102.786,-101.622,-100.635,-100.949,-100.344,-101.353,-98.009,-100.067,-102.262,-100.205,-102.089,-101.413,-102.775,-99.062,-99.934,-102.140,-97.922,-98.701,-98.435,-83.478,-101.531,-86.077,-101.296,-101.201,-101.549,-100.789,-101.134,-99.790,-101.225,-99.560,-101.105,-98.776,-101.758,-97.076,-100.263,-101.579,-102.220,-101.894,-98.643,-99.618,-100.766,-101.774,-102.797,-98.261,-101.462,-100.216,-100.410,-102.683,-98.636,-99.033,-98.770,-97.708,-95.284,-98.359,-100.550,-100.301,-97.881,-98.396,-100.966,-101.810,-99.255,-97.864,-101.139,-102.853,-100.635,-98.992,-101.707,-100.655,-99.173,-102.165,-96.421,-100.387,-101.059,-99.538,-101.942,-101.949,-101.105,-98.381,-101.823,-99.815,-102.717,-100.284,-100.965,-99.763,-101.664,-100.767,-100.744,-101.577,-99.403,-101.309,-98.519,-100.952,-98.155,-99.290,-102.427,-102.282,-101.089,-102.523,-92.892
204.750,144.141,-100.039,-98.972,-101.013,-100.227,-100.953,-101.603,-102.192,-99.893,-99.650,-101.106,-102.956,-102.258,-102.434,-100.728,-100.954,-100.720,-101.813,-101.175,-99.497,-99.594,-102.174,-84.896,-99.199,-86.050,-101.209,-100.671,-100.878,-102.640,-102.214,-100.469,-100.017,-99.432,-101.584,-103.700,-97.519,-97.900,-101.840,-101.707,-99.408,-99.641,-100.793,-101.415,-102.463,-100.449,-99.174,-99.784,-100.813,-100.479,-99.370,-102.378,-96.810,-99.678,-102.349,-94.658,-93.146,-99.386,-100.978,-97.791,-99.043,-100.340,-101.585,-100.522,-100.582,-101.919,-100.842,-102.905,-102.958,-103.063,-100.160,-101.793,-100.824,-102.804,-97.416,-99.966,-100.863,-98.307,-99.504,-100.962,-100.151,-99.276,-102.687,-100.020,-101.948,-101.649,-98.033,-101.199,-102.409,-99.728,-101.945,-97.985,-101.486,-101.391,-97.908,-102.790,-98.913,-102.488,-102.258,-103.105,-100.965,-102.137,-92.693
214.704,144.141,-102.457,-98.634,-100.768,-101.170,-101.623,-101.491,-102.108,-102.094,-98.977,-100.750,-101.944,-99.934,-100.186,-99.550,-102.632,-102.685,-102.584,-101.325,-101.730,-100.793,-101.868,-101.309,-101.409,-100.832,-100.747,-101.683,-101.074,-102.069,-102.452,-101.702,-101.498,-97.196,-102.310,-101.480,-99.453,-99.548,-101.564,-99.224,-100.244,-100.794,-100.270,-100.525,-97.341,-103.092,-98.655,-101.036,-101.792,-98.380,-96.827,-103.221,-98.703,-100.620,-99.746,-95.249,-92.015,-104.129,-99.364,-97.484,-100.357,-99.359,-103.405,-99.272,-100.531,-97.858,-98.381,-101.033,-102.341,-101.059,-97.706,-101.270,-102.068,-102.845,-98.279,-101.160,-101.104,-101.136,-100.001,-100.660,-100.778,-99.830,-101.588,-100.011,-102.372,-97.357,-101.160,-99.889,-102.408,-101.135,-101.642,-101.771,-100.607,-100.688,-97.978,-101.122,-96.052,-101.651,-101.220,-102.170,-100.145,-101.832,-94.842
224.658,144.141,-100.733,-100.614,-101.970,-101.182,-102.330,-102.751,-102.245,-99.901,-99.720,-99.781,-102.451,-100.270,-102.614,-99.810,-102.673,-102.462,-100.693,-102.217,-100.015,-101.494,-101.636,-99.769,-98.439,-101.333,-100.415,-101.831,-99.411,-101.452,-100.619,-100.964,-101.739,-99.435,-102.324,-102.511,-101.664,-100.886,-100.983,-101.826,-100.297,-100.992,-100.210,-98.270,-101.316,-102.545,-99.217,-100.112,-101.422,-100.835,-98.058,-101.676,-97.732,-99.832,-100.475,-97.065,-98.245,-100.489,-97.459,-98.258,-97.910,-99.786,-101.287,-97.680,-102.843,-96.989,-100.413,-100.274,-101.469,-98.396,-102.469,-100.645,-98.968,-103.373,-97.556,-99.479,-102.379,-97.997,-99.101,-101.293,-102.876,-100.574,-101.519,-101.767,-101.708,-97.866,-99.968,-100.886,-101.223,-102.834,-102.283,-102.133,-99.041,-99.638,-100.723,-102.602,-101.665,-100.143,-102.310,-98.785,-100.746,-102.065,-94.247
234.613,144.141,-101.744,-101.935,-101.864,-102.446,-100.300,-101.771,-101.138,-100.664,-99.454,-98.624,-100.823,-100.804,-100.506,-97.739,-100.590,-100.374,-102.603,-102.014,-101.237,-97.232,-103.365,-99.874,-101.470,-82.154,-101.738,-100.334,-102.526,-101.901,-99.377,-101.941,-99.888,-99.561,-101.983,-102.155,-100.595,-100.107,-99.266,-101.425,-101.403,-100.493,-99.576,-100.023,-102.471,-103.957,-96.726,-98.539,-102.801,-101.588,-99.937,-102.491,-98.011,-101.378,-97.559,-96.138,-95.371,-100.434,-98.029,-97.288,-99.134,-101.433,-99.646,-100.435,-102.752,-97.451,-101.740,-102.174,-101.381,-99.380,-99.952,-101.808,-99.194,-103.290,-97.899,-99.038,-100.908,-99.367,-101.768,-101.459,-100.326,-99.206,-100.383,-99.235,-102.865,-99.003,-101.643,-100.094,-101.382,-101.014,-101.068,-102.710,-98.049,-100.178,-101.198,-101.426,-100.633,-100.657,-101.638,-101.049,-101.758,-102.158,-94.296
244.567,144.141,-101.357,-100.176,-100.689,-103.173,-102.714,-102.099,-103.198,-101.741,-100.169,-102.128,-102.425,-101.793,-100.231,-101.851,-99.974,-100.017,-101.612,-100.438,-102.243,-100.096,-101.860,-100.993,-100.459,-101.499,-101.889,-100.855,-101.482,-101.998,-100.988,-100.401,-103.370,-98.850,-103.199,-100.607,-100.118,-99.353,-100.417,-98.531,-101.998,-101.837,-99.556,-102.424,-101.071,-102.047,-98.180,-99.527,-98.427,-98.541,-101.414,-100.773,-97.914,-100.022,-98.851,-95.629,-95.908,-100.576,-100.417,-101.761,-99.980,-99.869,-102.632,-99.908,-100.839,-99.297,-101.090,-101.257,-101.364,-101.335,-102.080,-101.986,-101.769,-100.778,-96.577,-99.535,-99.183,-100.060,-103.046,-100.756,-101.606,-102.074,-100.244,-102.424,-103.079,-100.668,-100.048,-99.621,-100.673,-101.848,-101.879,-101.887,-99.523,-99.380,-100.192,-101.880,-99.768,-100.110,-99.935,-101.487,-98.788,-102.621,-95.086
254.521,144.141,-100.369,-99.870,-101.749,-103.294,-99.901,-99.846,-102.379,-99.964,-97.940,-98.425,-102.391,-100.375,-101.894,-101.627,-102.673,-100.530,-102.445,-102.152,-100.135,-100.601,-100.139,-103.029,-100.218,-99.567,-101.139,-101.310,-100.933,-102.708,-101.514,-101.156,-102.404,-98.087,-104.079,-100.533,-99.556,-101.471,-99.625,-100.075,-102.889,-97.802,-99.400,-100.507,-99.532,-101.339,-97.662,-101.679,-101.793,-102.464,-98.194,-103.001,-96.714,-102.146,-100.881,-94.618,-94.007,-102.482,-99.163,-99.945,-102.405,-97.677,-102.602,-99.845,-102.439,-98.007,-98.828,-101.135,-101.511,-99.647,-98.355,-100.480,-97.135,-102.682,-97.786,-101.011,-100.952,-99.833,-98.361,-99.852,-102.656,-98.151,-103.127,-101.309,-102.296,-98.772,-101.214,-100.538,-101.654,-97.289,-101.188,-100.050,-95.844,-101.270,-100.908,-102.433,-98.710,-101.159,-101.752,-99.973,-101.178,-101.409,-96.762
264.476,144.141,-99.238,-99.278,-101.287,-100.913,-99.676,-102.989,-98.396,-100.780,-99.415,-100.291,-102.426,-100.242,-101.038,-99.761,-100.831,-101.722,-101.328,-102.784,-101.738,-100.624,-102.439,-86.663,-101.180,-99.967,-100.307,-100.489,-99.186,-102.597,-101.238,-101.114,-99.896,-100.665,-100.778,-99.552,-101.469,-99.630,-97.986,-100.825,-102.648,-99.858,-99.222,-100.646,-101.518,-100.014,-101.244,-102.105,-98.279,-100.717,-99.042,-100.374,-98.851,-101.298,-100.130,-96.886,-97.949,-99.581,-101.787,-99.748,-100.077,-99.099,-100.914,-99.808,-98.732,-98.840,-98.010,-100.671,-102.398,-101.898,-97.461,-100.322,-98.070,-102.834,-95.203,-100.896,-99.852,-96.720,-100.340,-102.111,-101.874,-98.847,-101.026,-100.846,-102.972,-99.623,-100.736,-101.149,-101.434,-101.056,-101.552,-98.925,-99.832,-102.007,-99.004,-102.785,-98.949,-102.693,-101.484,-101.575,-101.197,-100.703,-98.102
274.430,144.141,-101.773,-100.192,-101.585,-101.422,-98.147,-98.845,-102.647,-102.773,-100.459,-100.178,-102.433,-100.489,-101.842,-102.473,-101.053,-99.629,-101.833,-101.726,-101.135,-97.375,-102.367,-84.106,-99.689,-85.179,-101.131,-101.484,-102.106,-101.142,-99.840,-102.484,-101.758,-101.544,-101.078,-99.205,-101.994,-103.048,-97.362,-100.598,-101.755,-101.465,-100.610,-101.214,-100.364,-101.448,-101.689,-100.648,-101.742,-101.945,-98.693,-102.267,-102.405,-101.238,-100.029,-92.636,-91.706,-100.761,-99.745,-97.314,-100.173,-98.349,-103.008,-102.004,-102.489,-98.432,-100.235,-103.599,-103.415,-102.793,-102.033,-100.848,-98.075,-100.430,-98.303,-97.661,-102.292,-100.374,-100.386,-100.397,-102.569,-99.872,-100.277,-101.385,-101.922,-100.776,-100.063,-99.208,-101.792,-97.806,-99.999,-99.441,-99.919,-99.577,-100.961,-102.763,-100.762,-98.265,-101.855,-101.008,-101.154,-102.464,-101.100
284.384,144.141,-99.493,-97.324,-101.729,-102.046,-101.078,-101.026,-101.491,-103.000,-100.150,-100.010,-103.084,-99.792,-99.500,-100.416,-102.482,-101.407,-101.331,-99.507,-101.392,-100.226,-101.630,-83.979,-100.162,-101.357,-101.073,-102.802,-98.309,-101.444,-97.719,-100.914,-102.331,-101.210,-102.008,-100.420,-101.658,-98.905,-100.172,-99.137,-100.100,-97.551,-98.300,-101.982,-100.271,-100.933,-101.484,-99.376,-98.615,-99.095,-96.743,-100.421,-97.988,-100.274,-98.249,-94.985,-95.606,-101.043,-99.851,-96.728,-99.487,-98.001,-99.453,-100.459,-102.557,-100.740,-101.786,-101.475,-101.644,-101.152,-100.834,-100.548,-99.412,-102.530,-98.621,-98.935,-101.605,-99.750,-99.696,-100.150,-99.503,-96.200,-100.543,-100.300,-102.066,-99.884,-100.040,-100.974,-97.172,-98.623,-99.957,-99.103,-102.713,-101.700,-101.644,-103.398,-98.214,-102.377,-99.848,-97.890,-100.730,-101.554,-96.036
294.338,144.141,-101.683,-100.825,-102.489,-99.618,-100.889,-101.365,-102.454,-101.815,-99.396,-100.515,-101.361,-102.149,-101.417,-103.212,-99.884,-100.820,-101.133,-101.218,-100.196,-101.766,-100.906,-101.357,-102.878,-103.562,-98.660,-102.538,-100.355,-102.068,-98.944,-100.614,-102.514,-98.562,-103.787,-100.147,-101.725,-99.337,-100.044,-98.703,-101.230,-97.880,-101.107,-98.807,-103.340,-102.152,-99.335,-100.150,-101.369,-102.126,-97.165,-101.851,-98.366,-102.013,-100.925,-97.581,-98.167,-100.235,-99.588,-99.342,-100.777,-101.803,-100.703,-97.947,-101.057,-97.437,-97.263,-101.793,-102.907,-101.967,-97.279,-100.293,-98.696,-100.570,-97.592,-100.631,-100.884,-99.725,-101.184,-100.378,-98.213,-101.096,-100.893,-100.871,-101.552,-99.656,-100.808,-97.569,-99.329,-100.351,-101.732,-101.451,-98.215,-100.761,-99.281,-102.192,-101.854,-101.942,-102.513,-100.198,-102.561,-103.236,-98.693
304.293,144.141,-100.210,-97.370,-101.222,-102.052,-101.035,-101.424,-100.947,-102.836,-99.845,-100.718,-104.206,-99.724,-102.341,-100.252,-99.621,-102.536,-102.039,-100.879,-102.871,-102.548,-101.594,-102.343,-102.062,-83.028,-100.778,-100.861,-101.348,-102.775,-99.777,-99.644,-98.024,-99.818,-101.244,-102.108,-101.679,-97.565,-101.346,-102.306,-103.058,-98.551,-100.962,-101.698,-97.290,-101.386,-100.647,-99.985,-100.309,-100.776,-99.600,-102.659,-100.560,-101.975,-101.002,-91.650,-91.682,-101.201,-102.017,-98.916,-99.960,-98.817,-102.820,-99.459,-100.904,-99.395,-100.091,-102.259,-101.967,-101.696,-97.366,-103.126,-101.770,-103.030,-97.262,-101.178,-99.896,-101.043,-102.452,-101.525,-101.459,-100.173,-100.797,-100.244,-102.840,-98.521,-100.456,-99.779,-100.525,-98.375,-103.314,-100.324,-99.804,-101.054,-100.420,-101.977,-100.163,-100.188,-101.982,-100.518,-100.166,-102.954,-98.592
314.247,144.141,-100.096,-98.887,-100.558,-102.776,-101.619,-102.400,-101.813,-100.833,-98.632,-101.052,-100.001,-102.110,-101.355,-103.130,-103.202,-99.332,-102.180,-103.074,-100.051,-101.500,-101.855,-102.301,-100.865,-99.838,-101.379,-103.129,-101.797,-102.479,-97.619,-98.557,-100.621,-101.101,-101.003,-99.995,-102.969,-98.402,-101.881,-101.327,-102.832,-99.551,-99.662,-100.212,-100.754,-100.877,-103.166,-98.104,-101.154,-98.139,-98.598,-100.838,-98.702,-103.164,-97.027,-96.439,-96.945,-102.197,-99.623,-99.136,-101.110,-98.702,-102.060,-101.550,-101.043,-98.961,-99.962,-101.191,-101.456,-100.001,-101.069,-102.540,-99.112,-102.384,-97.553,-96.741,-102.287,-97.575,-99.906,-100.242,-101.945,-100.965,-101.719,-100.024,-103.074,-101.553,-98.993,-102.681,-101.161,-101.142,-102.800,-99.819,-99.158,-101.353,-100.195,-101.445,-97.645,-100.310,-101.863,-101.666,-102.138,-102.805,-96.141
